Rk,Player,Age,Team,Pos,G,GS,MP,FG,FGA,FG%,3P,3PA,3P%,2P,2PA,2P%,eFG%,FT,FTA,FT%,ORB,DRB,TRB,AST,STL,BLK,TOV,PF,PTS,Awards,Player-additional
1,Shai Gilgeous-Alexander,26,OKC,PG,44,44,34.4,11.3,21.4,.528,2.0,5.7,.351,9.3,15.7,.592,.574,7.5,8.3,.906,0.9,4.4,5.3,6.0,2.1,1.1,2.7,2.2,32.1,,gilgesh01
2,Giannis Antetokounmpo,30,MIL,PF,38,38,34.8,12.6,20.8,.605,0.1,0.7,.143,12.4,20.0,.622,.607,6.3,10.8,.585,2.2,10.0,12.2,5.9,0.8,1.4,3.4,2.4,31.5,,antetgi01
3,Nikola Jokić,29,DEN,C,40,40,36.4,11.5,20.1,.570,2.0,4.3,.474,9.4,15.8,.597,.621,5.1,6.3,.812,3.3,9.8,13.1,10.2,1.8,0.7,3.1,2.0,30.0,,jokicni01
4,LaMelo Ball,23,CHO,PG,31,31,33.3,9.7,23.3,.419,4.1,12.3,.337,5.6,11.0,.510,.508,4.5,5.5,.820,1.0,4.3,5.3,7.3,1.4,0.3,3.7,3.5,28.2,,ballla01
5,Luka Dončić,25,DAL,PG,22,22,35.7,9.8,21.2,.464,3.4,9.6,.354,6.4,11.5,.555,.544,5.1,6.6,.767,0.7,7.6,8.3,7.8,2.0,0.4,3.4,2.6,28.1,,doncilu01
6,Kevin Durant,36,PHO,PF,35,35,36.1,9.8,18.7,.523,2.3,5.7,.398,7.5,13.0,.578,.584,5.2,6.3,.832,0.5,5.9,6.4,4.1,0.8,1.3,3.1,1.7,27.1,,duranke01
7,Jayson Tatum,26,BOS,PF,44,44,36.4,9.0,19.9,.453,3.6,10.2,.350,5.5,9.8,.559,.542,5.3,6.6,.801,0.6,8.4,9.0,5.5,1.3,0.5,2.8,2.3,26.9,,tatumja01
8,Tyrese Maxey,24,PHI,PG,37,37,37.9,9.2,21.4,.432,3.3,9.6,.339,5.9,11.7,.508,.508,4.9,5.7,.863,0.2,3.2,3.5,6.0,2.0,0.4,2.4,2.2,26.6,,maxeyty01
9,Anthony Davis,31,LAL,C,41,41,34.9,9.7,18.4,.527,0.7,2.3,.298,9.0,16.1,.560,.546,6.2,7.8,.788,2.9,9.3,12.1,3.4,1.3,2.2,2.2,2.0,26.3,,davisan02
10,Anthony Edwards,23,MIN,SG,46,46,36.6,9.0,20.3,.442,4.1,9.8,.419,4.8,10.5,.463,.543,4.2,5.1,.826,0.8,4.9,5.7,4.4,1.2,0.5,3.3,1.9,26.3,,edwaran01
11,Jalen Brunson,28,NYK,PG,46,46,35.1,8.9,18.3,.488,2.4,5.9,.403,6.5,12.3,.529,.554,5.6,6.9,.813,0.4,2.4,2.9,7.4,0.9,0.0,2.3,2.2,25.8,,brunsja01
12,Devin Booker,28,PHO,SG,40,40,36.9,8.3,18.9,.441,2.7,7.8,.342,5.7,11.1,.511,.512,6.2,6.9,.895,1.0,3.0,4.0,6.7,1.2,0.3,2.4,2.3,25.5,,bookede01
13,Damian Lillard,34,MIL,PG,37,37,36.3,7.9,17.4,.453,3.5,9.0,.383,4.4,8.3,.529,.553,6.3,6.8,.921,0.5,4.2,4.7,7.3,1.2,0.2,2.9,1.8,25.5,,lillada01
14,De'Aaron Fox,27,SAC,PG,43,43,37.2,9.3,19.8,.468,2.0,6.3,.324,7.2,13.5,.536,.520,4.6,5.6,.826,1.0,3.9,5.0,6.2,1.5,0.5,3.0,2.7,25.2,,foxde01
15,Karl-Anthony Towns,29,NYK,C,42,42,34.6,9.0,16.6,.540,2.0,4.7,.432,6.9,11.8,.584,.602,4.9,5.9,.841,3.1,10.7,13.8,3.4,1.0,0.8,2.6,3.4,24.9,,townska01
16,Cade Cunningham,23,DET,PG,42,42,35.6,9.3,20.6,.452,2.3,6.4,.363,7.0,14.3,.492,.508,3.8,4.6,.825,0.9,5.5,6.4,9.4,0.9,0.8,4.6,2.7,24.8,,cunnica01
17,Cam Thomas,23,BRK,SG,19,17,32.3,7.9,17.7,.448,2.8,7.6,.375,5.1,10.2,.503,.528,5.9,6.8,.876,0.5,3.1,3.6,3.4,0.7,0.1,2.7,1.9,24.7,,thomaca02
18,Franz Wagner,23,ORL,SF,28,28,33.0,8.9,19.3,.462,2.0,6.4,.317,6.9,12.8,.535,.515,4.9,5.6,.872,0.9,4.7,5.6,5.4,1.5,0.5,2.5,2.3,24.7,,wagnefr01
19,Victor Wembanyama,21,SAS,C,38,38,33.2,9.0,18.9,.476,3.2,9.1,.353,5.8,9.8,.591,.561,3.3,3.9,.844,1.7,9.1,10.8,3.7,1.1,3.9,3.5,2.1,24.5,,wembavi01
20,Joel Embiid,30,PHI,C,13,13,29.5,7.6,16.8,.452,1.2,3.8,.327,6.4,13.1,.488,.489,7.9,8.6,.920,1.7,6.2,7.9,3.8,0.8,1.0,3.2,2.2,24.4,,embiijo01
21,Tyler Herro,25,MIA,SG,44,44,35.5,8.4,17.6,.474,3.9,9.7,.400,4.5,7.9,.564,.584,3.5,4.0,.871,0.3,5.3,5.6,5.4,0.7,0.1,2.5,1.4,24.1,,herroty01
22,Kyrie Irving,32,DAL,SG,37,37,35.8,8.9,18.4,.482,2.9,7.0,.422,5.9,11.4,.519,.563,3.5,3.8,.901,1.0,3.5,4.5,4.9,1.2,0.4,2.3,2.2,24.1,,irvinky01
23,Zach LaVine,29,CHI,SF,42,42,34.1,8.6,16.9,.511,3.2,7.3,.446,5.4,9.6,.560,.607,3.5,4.3,.797,0.3,4.5,4.8,4.5,0.9,0.2,2.9,1.5,24.0,,lavinza01
24,Paolo Banchero,22,ORL,PF,14,14,33.6,8.1,18.4,.438,1.9,5.6,.346,6.1,12.9,.478,.490,5.9,9.1,.646,1.4,6.5,7.9,4.9,0.6,0.8,3.4,2.2,23.9,,banchpa01
25,Norman Powell,31,LAC,SG,38,38,33.1,8.3,16.9,.491,3.4,7.9,.434,4.8,8.9,.543,.594,3.9,4.6,.841,0.4,3.2,3.5,2.2,1.4,0.2,2.1,1.9,23.9,,powelno01
26,Donovan Mitchell,28,CLE,SG,44,44,31.4,8.3,18.6,.444,3.7,9.2,.397,4.6,9.4,.492,.543,3.5,4.2,.832,0.7,3.7,4.4,4.6,1.4,0.2,2.0,2.0,23.7,,mitchdo01
27,LeBron James,40,LAL,SF,41,41,34.9,9.2,18.0,.510,2.1,5.5,.383,7.1,12.5,.566,.569,3.1,4.1,.757,0.9,6.7,7.6,9.0,0.9,0.6,3.8,1.3,23.6,,jamesle01
28,Zion Williamson,24,NOP,PF,12,12,28.5,8.8,17.3,.512,0.2,0.8,.200,8.7,16.4,.528,.517,5.3,8.4,.634,3.1,5.3,8.3,4.8,1.1,1.3,3.4,3.1,23.2,,willizi01
29,Jaylen Brown,28,BOS,SF,40,40,35.5,8.5,18.9,.451,2.0,6.3,.320,6.5,12.7,.516,.504,4.1,5.5,.744,1.5,4.5,6.0,4.8,1.3,0.3,2.7,2.5,23.1,,brownja02
30,Jaren Jackson Jr.,25,MEM,C,45,45,29.5,8.3,16.7,.499,1.8,5.2,.355,6.5,11.5,.565,.555,4.3,5.5,.782,1.5,4.7,6.2,2.1,1.4,1.6,2.2,3.3,22.8,,jacksja02
31,Trae Young,26,ATL,PG,42,42,36.1,7.0,17.3,.401,2.9,8.4,.345,4.0,8.9,.455,.485,6.0,7.0,.853,0.5,2.8,3.4,11.5,1.3,0.2,4.6,2.0,22.8,,youngtr01
32,Stephen Curry,36,GSW,PG,37,37,31.7,7.5,17.0,.443,4.3,10.6,.403,3.2,6.4,.508,.568,3.0,3.2,.933,0.5,4.2,4.8,6.4,1.1,0.5,3.0,1.2,22.3,,curryst01
33,Brandon Ingram,27,NOP,SF,18,18,33.1,8.6,18.5,.465,2.4,6.4,.374,6.2,12.1,.514,.530,2.6,3.1,.855,0.9,4.6,5.6,5.2,0.9,0.6,3.8,2.5,22.2,,ingrabr01
34,RJ Barrett,24,TOR,SF,38,38,33.5,8.2,17.4,.470,1.9,5.3,.350,6.3,12.1,.524,.524,3.7,5.6,.670,1.0,5.7,6.7,5.8,0.8,0.3,3.1,2.4,22.0,,barrerj01
35,CJ McCollum,33,NOP,PG,34,34,33.4,8.2,18.3,.449,3.1,8.3,.371,5.1,10.0,.515,.534,2.4,3.4,.701,0.7,3.0,3.7,3.8,0.8,0.6,1.7,2.4,22.0,,mccolcj01
36,DeMar DeRozan,35,SAC,SF,41,41,35.9,8.1,16.6,.487,0.9,2.6,.324,7.2,14.0,.517,.513,4.7,5.4,.864,0.5,3.3,3.8,3.6,1.2,0.4,1.4,2.0,21.7,,derozde01
37,Darius Garland,25,CLE,PG,45,45,30.4,7.8,15.6,.499,3.0,7.0,.425,4.8,8.6,.560,.595,3.2,3.6,.883,0.6,2.0,2.5,6.8,1.1,0.2,2.4,2.0,21.7,,garlada01
38,James Harden,35,LAC,PG,43,43,33.7,6.3,15.9,.398,2.9,8.3,.348,3.4,7.6,.451,.488,6.2,6.9,.896,0.6,5.3,5.9,8.3,1.4,0.6,4.6,2.1,21.7,,hardeja01
39,Jalen Green,22,HOU,SG,45,45,32.8,7.4,17.2,.429,2.9,8.0,.359,4.5,9.2,.489,.512,3.6,4.1,.871,0.5,3.7,4.3,2.8,0.9,0.3,2.4,1.7,21.2,,greenja05
40,Trey Murphy III,24,NOP,SF,31,29,35.1,7.0,15.8,.445,3.0,8.5,.350,4.1,7.3,.555,.539,4.1,4.6,.889,1.0,4.1,5.1,3.0,1.2,0.8,1.6,2.4,21.2,,murphtr02
41,Jordan Poole,25,WAS,SG,38,38,31.2,6.9,16.2,.423,3.7,9.3,.401,3.2,7.0,.453,.537,3.8,4.3,.867,0.5,2.6,3.1,5.0,1.6,0.4,3.4,3.2,21.2,,poolejo01
42,Brandon Miller,22,CHO,SF,27,27,34.2,7.3,18.2,.403,3.9,10.9,.355,3.5,7.3,.475,.509,2.5,2.9,.861,0.9,3.9,4.9,3.6,1.1,0.7,2.8,2.7,21.0,,millebr02
43,Domantas Sabonis,28,SAC,C,43,43,36.2,8.3,13.6,.609,1.2,2.4,.481,7.1,11.2,.637,.652,3.3,4.3,.766,4.0,10.6,14.6,6.5,0.6,0.4,3.1,3.6,21.0,,sabondo01
44,Jalen Williams,23,OKC,SG,44,44,32.8,8.1,17.0,.475,1.7,5.0,.347,6.3,12.0,.528,.526,3.2,4.0,.790,0.8,4.8,5.5,5.2,1.8,0.8,2.3,2.5,21.0,,willija06
45,Ja Morant,25,MEM,PG,28,28,28.4,7.0,15.6,.445,1.5,4.8,.306,5.5,10.9,.507,.492,4.9,6.1,.812,0.6,3.5,4.2,7.5,1.3,0.3,3.9,1.8,20.3,,moranja01
46,Scottie Barnes,23,TOR,PF,33,33,34.8,7.6,16.7,.457,1.4,5.1,.272,6.2,11.6,.538,.498,3.5,4.6,.757,1.7,6.5,8.2,6.6,1.5,0.9,3.2,2.1,20.2,,barnesc01
47,Pascal Siakam,30,IND,PF,45,45,33.2,7.8,14.8,.526,1.7,4.2,.413,6.1,10.6,.571,.585,2.8,3.8,.743,1.8,5.6,7.4,3.4,0.9,0.4,1.3,2.6,20.2,,siakapa01
48,Nikola Vučević,34,CHI,C,46,46,32.4,8.2,15.0,.549,1.9,4.7,.398,6.4,10.3,.618,.612,1.8,2.2,.820,2.4,7.9,10.3,3.5,0.9,0.7,1.6,2.4,20.1,,vucevni01
49,Jamal Murray,27,DEN,PG,40,40,36.0,7.4,16.2,.454,2.1,5.7,.372,5.3,10.5,.499,.519,3.0,3.5,.864,0.6,3.5,4.0,6.0,1.5,0.6,2.3,1.7,19.8,,murraja01
50,Lauri Markkanen,27,UTA,PF,34,34,31.8,6.4,14.9,.426,3.0,8.5,.348,3.4,6.4,.530,.526,4.0,4.6,.873,1.7,4.4,6.1,1.8,0.8,0.3,1.4,1.7,19.7,,markkla01
51,Cameron Johnson,28,BRK,PF,35,35,32.3,6.5,13.1,.491,3.2,7.6,.419,3.3,5.5,.591,.613,3.3,3.7,.898,0.7,3.3,4.1,2.9,0.8,0.5,1.7,1.8,19.4,,johnsca02
52,De'Andre Hunter,27,ATL,SF,32,2,28.3,6.2,13.4,.463,2.7,6.6,.403,3.6,6.8,.521,.562,4.1,4.8,.857,0.6,3.0,3.7,1.5,0.8,0.1,1.5,2.4,19.2,,huntede01
53,Alperen Şengün,22,HOU,C,45,45,31.4,7.6,15.6,.489,0.3,1.4,.231,7.3,14.1,.516,.500,3.6,5.1,.703,3.4,6.9,10.4,5.1,1.3,0.8,2.4,2.8,19.2,,sengual01
54,Miles Bridges,26,CHO,PF,29,29,31.7,6.8,15.5,.438,2.1,6.8,.311,4.7,8.8,.535,.506,3.2,3.7,.877,0.9,6.4,7.3,3.7,0.7,0.6,2.1,1.6,18.9,,bridgmi02
55,Jalen Johnson,23,ATL,SF,36,36,35.7,7.5,15.1,.500,1.2,3.9,.312,6.3,11.1,.566,.541,2.6,3.5,.746,1.7,8.3,10.0,5.0,1.6,1.0,2.9,1.9,18.9,,johnsja05
56,Julius Randle,30,MIN,PF,46,46,33.0,6.6,14.1,.466,1.5,4.7,.329,5.0,9.4,.535,.521,4.2,5.2,.812,2.2,5.1,7.3,4.5,0.7,0.2,3.0,2.6,18.9,,randlju01
57,Kristaps Porziņģis,29,BOS,C,22,22,28.0,6.3,13.2,.479,2.3,5.7,.405,4.0,7.5,.537,.567,3.8,4.5,.848,1.8,5.2,7.0,1.8,0.6,1.4,1.0,2.6,18.8,,porzikr01
58,Austin Reaves,26,LAL,SG,39,39,35.1,6.1,13.8,.443,2.6,7.1,.361,3.5,6.7,.531,.536,3.6,4.3,.838,0.8,3.3,4.2,6.1,1.1,0.2,2.4,2.0,18.4,,reaveau01
59,Collin Sexton,26,UTA,SG,42,40,28.9,6.5,13.8,.474,1.9,4.7,.406,4.6,9.1,.509,.543,3.4,3.8,.888,1.1,1.8,2.9,4.1,0.7,0.1,2.6,2.2,18.4,,sextoco01
60,Anfernee Simons,25,POR,SG,42,42,32.2,6.5,15.4,.423,3.0,8.1,.369,3.5,7.3,.484,.520,2.4,2.6,.901,0.3,2.5,2.8,4.7,0.9,0.1,2.2,1.8,18.4,,simonan01
61,Mikal Bridges,28,NYK,SF,47,47,38.4,7.5,15.1,.497,2.4,6.7,.360,5.1,8.3,.609,.578,0.9,1.2,.750,0.9,2.2,3.1,3.3,1.0,0.5,1.6,1.4,18.3,,bridgmi01
62,Coby White,24,CHI,SG,40,40,32.6,6.2,14.3,.437,3.0,8.3,.364,3.2,6.0,.538,.542,2.8,3.2,.874,0.4,3.1,3.4,4.7,1.0,0.2,2.4,2.3,18.2,,whiteco01
63,John Collins,27,UTA,PF,28,19,29.8,6.6,12.5,.531,1.5,3.3,.446,5.2,9.2,.562,.590,3.3,3.8,.869,2.4,6.0,8.4,2.5,1.1,0.9,2.6,2.9,18.1,,collijo01
64,Evan Mobley,23,CLE,PF,40,40,30.1,7.0,12.3,.567,1.1,2.8,.405,5.8,9.5,.615,.613,3.1,4.1,.756,2.1,6.8,8.9,2.9,0.9,1.4,2.0,2.0,18.1,,mobleev01
65,Michael Porter Jr.,26,DEN,SF,46,46,33.2,6.8,13.4,.511,2.6,6.3,.410,4.3,7.1,.601,.608,1.8,2.5,.724,1.6,4.8,6.4,2.2,0.6,0.4,1.3,1.8,18.1,,portemi01
66,Tyrese Haliburton,24,IND,PG,44,44,34.3,6.2,13.8,.450,2.9,8.0,.365,3.3,5.9,.566,.555,2.6,3.1,.859,0.6,2.9,3.6,8.7,1.2,0.6,1.8,1.3,18.0,,halibty01
67,Malik Monk,26,SAC,SG,38,25,31.7,6.5,14.4,.448,2.3,6.9,.333,4.2,7.5,.554,.528,2.7,3.0,.878,0.3,3.3,3.7,5.8,1.0,0.5,2.0,2.6,17.9,,monkma01
68,Desmond Bane,26,MEM,SG,38,37,29.9,6.7,13.4,.497,2.2,5.8,.388,4.4,7.6,.579,.581,2.1,2.4,.860,0.8,4.6,5.4,5.5,1.3,0.4,2.5,2.4,17.7,,banede01
69,Jaden Ivey,22,DET,SG,30,30,29.9,6.3,13.8,.460,2.1,5.1,.409,4.2,8.6,.490,.536,2.8,3.9,.733,1.3,2.8,4.1,4.0,0.9,0.4,3.0,2.2,17.6,,iveyja01
70,Dejounte Murray,28,NOP,PG,29,29,33.5,6.3,16.2,.389,1.7,5.8,.293,4.6,10.5,.441,.441,3.3,4.1,.814,0.5,6.0,6.6,7.7,2.2,0.4,3.4,2.0,17.6,,murrade01
71,Shaedon Sharpe,21,POR,SG,38,31,31.0,6.5,14.6,.443,1.9,6.1,.310,4.6,8.5,.539,.508,2.5,3.2,.792,0.7,3.3,4.0,2.5,0.8,0.3,2.0,1.9,17.3,,sharpsh01
72,Paul George,34,PHI,PF,30,30,32.0,6.3,14.6,.429,2.4,6.7,.365,3.8,7.9,.483,.513,2.2,2.6,.823,0.7,5.0,5.6,4.7,1.7,0.4,2.7,2.5,17.1,,georgpa01
73,Andrew Wiggins,29,GSW,SF,39,39,29.7,6.0,13.3,.448,2.2,5.7,.378,3.8,7.6,.500,.529,3.0,3.8,.796,1.5,3.2,4.6,2.3,0.9,0.7,1.3,1.7,17.1,,wiggian01
74,Jimmy Butler,35,MIA,PF,25,25,30.6,5.7,10.5,.540,0.5,1.4,.361,5.2,9.1,.568,.565,5.2,6.4,.801,2.2,3.0,5.2,4.8,1.1,0.4,1.2,0.9,17.0,,butleji01
75,Bradley Beal,31,PHO,SG,32,23,32.9,6.5,13.5,.483,2.1,5.3,.391,4.5,8.3,.542,.559,1.8,2.3,.770,0.7,2.8,3.5,3.3,1.1,0.7,1.9,2.6,16.9,,bealbr01
76,Jonathan Kuminga,22,GSW,PF,32,10,26.0,6.1,13.2,.459,1.3,3.6,.345,4.8,9.6,.502,.506,3.4,5.3,.639,1.4,3.6,5.0,2.2,0.9,0.6,1.6,1.9,16.8,,kuminjo01
77,Chet Holmgren,22,OKC,C,10,10,26.5,5.6,11.1,.505,1.4,3.7,.378,4.2,7.4,.568,.568,3.8,4.9,.776,1.6,7.1,8.7,2.0,0.8,2.6,2.3,1.8,16.4,,holmgch01
78,Bennedict Mathurin,22,IND,SF,44,39,32.1,5.8,12.4,.471,1.5,4.3,.364,4.3,8.1,.527,.533,3.2,3.9,.821,1.3,4.7,5.9,1.9,0.7,0.4,2.1,2.6,16.4,,mathube01
79,OG Anunoby,27,NYK,PF,47,47,36.6,6.1,12.9,.476,2.0,5.8,.351,4.1,7.1,.578,.555,2.0,2.5,.805,1.3,3.5,4.8,2.1,1.5,0.9,1.3,2.3,16.3,,anunoog01
80,Malik Beasley,28,DET,SG,46,11,28.0,5.7,13.3,.429,3.7,9.2,.404,2.0,4.1,.484,.569,1.2,1.7,.684,0.5,2.4,3.0,1.8,0.9,0.0,1.1,1.4,16.3,,beaslma01
81,Keyonte George,21,UTA,PG,34,32,31.6,5.4,14.0,.384,2.7,7.9,.340,2.7,6.1,.442,.480,2.8,3.4,.810,0.5,3.0,3.5,5.8,0.8,0.2,2.9,1.8,16.2,,georgke01
82,Immanuel Quickley,25,TOR,PG,9,9,28.4,5.3,14.1,.378,2.2,6.4,.345,3.1,7.7,.406,.457,3.3,3.6,.938,0.1,2.1,2.2,6.1,0.7,0.1,1.8,1.8,16.2,,quickim01
83,Jalen Suggs,23,ORL,PG,35,35,28.6,5.6,13.7,.410,2.2,6.9,.314,3.5,6.8,.506,.489,2.8,3.1,.882,0.7,3.4,4.0,3.7,1.5,0.9,2.9,2.8,16.2,,suggsja01
84,Devin Vassell,24,SAS,SG,28,17,29.8,6.0,13.6,.442,2.4,6.2,.382,3.7,7.5,.493,.529,1.8,2.3,.781,0.7,3.0,3.8,3.1,1.2,0.6,1.7,1.6,16.2,,vassede01
85,Jordan Clarkson,32,UTA,SG,23,3,25.4,5.3,13.0,.410,2.0,5.6,.349,3.4,7.4,.456,.485,3.2,4.0,.804,0.7,2.7,3.3,3.9,0.8,0.3,2.4,1.6,15.9,,clarkjo01
86,Derrick White,30,BOS,SG,44,44,33.6,5.5,12.6,.433,3.3,8.8,.370,2.2,3.8,.581,.563,1.7,2.0,.833,1.0,3.4,4.4,4.1,0.9,1.2,1.6,2.0,15.9,,whitede01
87,Bam Adebayo,27,MIA,C,44,44,33.7,6.1,13.3,.460,0.7,2.4,.274,5.4,10.8,.501,.485,3.0,4.1,.726,2.5,7.5,10.0,4.5,1.4,0.8,2.1,2.2,15.8,,adebaba01
88,Gradey Dick,21,TOR,SG,40,40,29.8,5.4,13.0,.415,2.3,6.5,.346,3.1,6.5,.484,.502,2.7,3.1,.885,0.7,2.6,3.3,2.1,0.8,0.2,1.6,2.4,15.7,,dickgr01
89,Mark Williams,23,CHO,C,20,17,24.3,6.2,10.1,.609,0.0,0.1,.000,6.2,10.1,.612,.609,3.2,4.2,.750,3.3,6.1,9.4,2.5,0.7,1.2,1.1,2.7,15.5,,willima07
90,Myles Turner,28,IND,C,42,42,31.1,5.5,11.6,.479,2.0,5.2,.393,3.5,6.4,.551,.568,2.2,3.0,.746,1.4,5.5,6.8,1.5,0.8,2.0,1.9,2.8,15.4,,turnemy01
91,Jared McCain,20,PHI,SG,23,8,25.7,5.5,11.9,.460,2.2,5.8,.383,3.3,6.1,.532,.553,2.1,2.4,.875,0.6,1.9,2.4,2.6,0.7,0.0,1.6,1.6,15.3,,mccaija01
92,Fred VanVleet,30,HOU,PG,42,42,35.9,5.2,13.4,.391,2.8,7.9,.352,2.5,5.5,.448,.495,1.9,2.4,.818,0.7,3.3,4.0,5.9,1.7,0.5,1.6,2.5,15.2,,vanvlfr01
93,Ivica Zubac,27,LAC,C,44,44,31.8,6.8,11.0,.614,0.0,0.0,,6.8,11.0,.614,.614,1.6,2.8,.569,3.8,8.8,12.6,2.5,0.7,1.2,1.8,1.9,15.1,,zubaciv01
94,Kawhi Leonard,33,LAC,SF,8,8,23.1,6.1,12.8,.480,1.3,4.3,.294,4.9,8.5,.574,.529,1.3,1.5,.833,0.6,2.9,3.5,1.9,1.1,0.1,1.4,0.8,14.8,,leonaka01
95,Dennis Schröder,31,2TM,SG,43,40,30.3,5.2,12.4,.419,2.0,5.6,.354,3.2,6.8,.473,.499,2.3,2.7,.868,0.3,2.2,2.5,5.6,1.0,0.1,2.3,2.5,14.7,,schrode01
95,Dennis Schröder,31,BRK,PG,23,23,33.6,6.4,14.1,.452,2.5,6.5,.387,3.9,7.6,.509,.542,3.1,3.5,.889,0.2,2.8,3.0,6.6,1.1,0.2,2.6,2.4,18.4,,schrode01
95,Dennis Schröder,31,GSW,SG,20,17,26.5,3.9,10.5,.368,1.4,4.5,.300,2.5,6.0,.420,.433,1.4,1.7,.818,0.4,1.6,2.0,4.4,0.8,0.1,2.1,2.7,10.4,,schrode01
96,Jerami Grant,30,POR,PF,35,35,32.4,4.7,12.4,.380,2.4,6.3,.379,2.3,6.1,.381,.476,2.9,3.4,.842,0.5,2.9,3.5,2.2,0.8,1.1,1.4,2.3,14.7,,grantje01
97,Jakob Poeltl,29,TOR,C,41,40,31.3,6.4,10.4,.618,0.0,0.0,.000,6.4,10.4,.621,.618,1.8,2.8,.649,3.6,6.8,10.4,2.7,1.2,1.3,2.0,3.4,14.7,,poeltja01
98,Deni Avdija,24,POR,SF,43,25,28.7,4.9,10.5,.466,1.5,4.3,.344,3.4,6.2,.551,.537,3.3,4.3,.768,1.3,5.2,6.5,3.5,1.1,0.6,2.4,2.2,14.6,,avdijde01
99,Christian Braun,23,DEN,SG,45,45,32.4,5.6,9.7,.576,1.0,2.5,.377,4.6,7.2,.646,.625,2.2,2.6,.824,1.3,3.4,4.6,2.0,1.1,0.6,1.0,2.2,14.3,,braunch01
100,Kyle Kuzma,29,WAS,PF,28,26,27.4,5.7,13.6,.419,1.3,4.6,.273,4.5,9.1,.492,.465,1.6,2.8,.590,0.9,4.8,5.7,2.6,0.7,0.3,2.4,1.7,14.3,,kuzmaky01
101,Tre Mann,23,CHO,PG,13,0,24.5,5.4,12.4,.435,1.8,4.6,.400,3.5,7.8,.455,.509,1.5,1.6,.905,0.9,2.0,2.9,3.0,0.5,0.3,1.9,1.8,14.1,,manntr01
102,Payton Pritchard,27,BOS,PG,47,0,27.6,4.9,10.6,.466,3.2,7.8,.415,1.7,2.8,.608,.619,1.1,1.3,.847,1.4,2.3,3.7,3.4,0.8,0.1,1.0,1.6,14.1,,pritcpa01
103,P.J. Washington,26,DAL,PF,40,39,32.8,5.0,11.5,.435,1.5,4.2,.361,3.5,7.4,.476,.500,2.5,3.3,.744,1.5,6.6,8.1,2.2,1.3,1.0,1.9,2.5,14.0,,washipj01
104,Jarrett Allen,26,CLE,C,46,46,29.0,5.7,8.1,.702,0.0,0.0,.000,5.7,8.1,.704,.702,2.5,3.4,.726,2.6,7.3,10.0,2.0,0.9,1.0,1.1,1.5,13.9,,allenja01
105,Josh Hart,29,NYK,SG,46,46,37.6,5.3,9.5,.555,1.2,3.3,.357,4.1,6.2,.662,.618,2.2,2.6,.818,2.3,7.5,9.8,5.7,1.5,0.4,1.9,2.7,13.9,,hartjo01
106,Kelly Oubre Jr.,29,PHI,SF,41,38,33.6,5.3,11.6,.459,1.2,4.2,.287,4.1,7.3,.558,.512,2.0,2.8,.743,1.7,4.5,6.1,1.7,1.5,0.5,1.3,3.0,13.9,,oubreke01
107,Deandre Ayton,26,POR,C,32,32,30.0,6.5,11.4,.568,0.2,0.9,.200,6.3,10.5,.601,.577,0.6,1.0,.606,3.0,7.2,10.2,1.5,0.8,1.0,1.7,2.1,13.8,,aytonde01
108,Malcolm Brogdon,32,WAS,PG,18,13,24.8,4.8,10.8,.443,0.8,2.7,.313,3.9,8.1,.486,.482,3.4,3.9,.886,0.9,3.1,4.1,3.9,0.6,0.3,1.7,1.4,13.8,,brogdma01
109,Amen Thompson,22,HOU,SF,42,15,30.6,5.3,9.4,.562,0.3,1.3,.250,5.0,8.1,.614,.580,2.8,4.0,.695,2.8,5.4,8.1,2.7,1.4,1.1,2.0,2.3,13.7,,thompam01
110,Naz Reid,25,MIN,C,46,0,25.3,5.0,10.4,.484,2.1,5.1,.412,3.0,5.3,.553,.585,1.5,1.8,.788,0.9,4.2,5.1,1.7,0.8,0.8,1.2,2.4,13.6,,reidna01
111,Klay Thompson,34,DAL,SF,40,40,27.4,4.9,11.7,.415,3.0,7.7,.391,1.9,4.0,.463,.544,0.9,1.0,.900,0.6,2.8,3.4,2.0,0.9,0.5,1.4,1.2,13.6,,thompkl01
112,Dyson Daniels,21,ATL,SG,41,41,33.6,5.8,12.3,.469,1.1,3.7,.311,4.6,8.6,.537,.516,0.8,1.5,.567,1.8,3.4,5.2,3.6,3.1,0.8,1.9,2.5,13.5,,daniedy01
113,Dillon Brooks,29,HOU,SF,42,42,32.2,4.9,11.6,.417,2.3,6.1,.384,2.5,5.6,.453,.517,1.3,1.5,.846,1.2,2.5,3.8,1.5,0.9,0.2,1.0,3.4,13.4,,brookdi01
114,Bobby Portis,29,MIL,PF,41,5,24.7,5.5,11.7,.466,1.3,3.5,.364,4.2,8.2,.509,.520,1.2,1.5,.817,1.7,6.2,7.9,2.0,0.7,0.5,1.2,1.8,13.4,,portibo01
115,D'Angelo Russell,28,2TM,PG,38,16,26.0,4.5,10.8,.413,2.0,5.8,.347,2.4,5.0,.489,.506,2.2,2.5,.895,0.3,2.5,2.8,5.3,0.9,0.3,1.8,1.9,13.2,,russeda01
115,D'Angelo Russell,28,LAL,PG,29,10,26.3,4.4,10.7,.415,1.9,5.8,.333,2.5,4.9,.510,.505,1.6,1.8,.849,0.3,2.5,2.8,4.7,0.8,0.1,1.7,1.8,12.4,,russeda01
115,D'Angelo Russell,28,BRK,PG,9,6,25.1,4.6,11.2,.406,2.3,6.0,.389,2.2,5.2,.426,.510,4.4,4.7,.952,0.2,2.7,2.9,7.4,1.4,0.9,2.2,2.3,15.9,,russeda01
116,Russell Westbrook,36,DEN,PG,46,25,27.5,5.0,10.4,.476,1.2,3.5,.337,3.8,6.9,.547,.533,2.0,3.2,.639,1.3,3.7,5.0,6.4,1.5,0.5,3.0,2.5,13.2,,westbru01
117,Jeremy Sochan,21,SAS,PF,24,19,27.9,5.1,9.7,.528,0.5,1.7,.300,4.6,8.0,.575,.554,2.1,2.9,.729,2.7,5.3,7.9,2.5,0.9,0.6,1.9,2.3,12.9,,sochaje01
118,Moritz Wagner,27,ORL,C,30,1,18.8,4.7,8.3,.562,0.9,2.5,.360,3.8,5.8,.649,.616,2.6,3.7,.718,1.3,3.6,4.9,1.4,0.8,0.4,1.6,1.8,12.9,,wagnemo01
119,Aaron Gordon,29,DEN,PF,25,16,26.2,4.5,8.7,.516,1.2,2.9,.417,3.3,5.8,.566,.585,2.6,3.4,.786,1.6,3.4,4.9,2.7,0.5,0.2,1.4,1.5,12.8,,gordoaa01
120,Santi Aldama,24,MEM,PF,39,11,24.8,5.0,10.1,.494,1.7,4.5,.367,3.3,5.5,.597,.576,1.1,1.5,.707,1.6,5.3,6.8,2.6,0.8,0.5,1.2,0.9,12.7,,aldamsa01
121,Tobias Harris,32,DET,PF,44,44,31.9,4.8,10.8,.441,1.3,3.9,.345,3.4,6.9,.495,.503,1.8,2.0,.865,1.0,5.2,6.1,2.4,0.8,0.8,1.2,2.0,12.6,,harrito02
122,Khris Middleton,33,MIL,SF,20,7,23.5,4.7,9.5,.489,1.4,3.8,.368,3.3,5.7,.570,.563,1.8,2.1,.833,0.3,3.7,3.9,4.8,0.8,0.2,1.6,2.3,12.5,,middlkh01
123,Bilal Coulibaly,20,WAS,SF,41,41,33.3,4.5,10.7,.420,1.0,3.9,.266,3.5,6.8,.507,.468,2.4,3.2,.762,1.4,3.6,5.1,3.4,1.3,0.8,2.0,2.5,12.4,,coulibi01
124,Ayo Dosunmu,25,CHI,SG,36,18,30.4,4.8,9.8,.489,1.4,4.1,.338,3.4,5.7,.598,.560,1.4,1.8,.785,0.6,3.1,3.7,4.5,0.8,0.4,1.3,2.3,12.4,,dosunay01
125,Daniel Gafford,26,DAL,C,45,22,21.0,5.0,7.2,.695,0.0,0.0,,5.0,7.2,.695,.695,2.4,3.4,.701,2.6,3.9,6.6,1.3,0.4,1.7,1.2,2.6,12.4,,gaffoda01
126,Scoot Henderson,20,POR,PG,39,7,26.6,4.2,9.8,.428,1.4,4.0,.355,2.8,5.8,.478,.500,2.5,3.3,.767,0.7,2.3,2.9,5.1,1.1,0.3,2.8,2.7,12.4,,hendesc01
127,Rui Hachimura,26,LAL,PF,37,37,32.0,4.6,9.4,.487,1.5,3.6,.410,3.1,5.8,.535,.566,1.5,1.9,.775,1.6,3.6,5.3,1.5,0.9,0.5,0.9,1.8,12.2,,hachiru01
128,Brook Lopez,36,MIL,C,44,44,32.3,4.6,9.5,.483,1.9,5.0,.369,2.7,4.5,.612,.581,1.1,1.4,.794,1.1,3.7,4.8,1.7,0.8,2.0,1.0,2.1,12.2,,lopezbr01
129,Buddy Hield,32,GSW,SG,45,13,23.4,4.3,10.4,.413,2.7,7.2,.370,1.6,3.2,.510,.542,0.8,0.9,.833,0.6,2.7,3.3,1.5,0.9,0.3,1.2,1.8,12.0,,hieldbu01
130,Keldon Johnson,25,SAS,SF,40,0,23.9,4.5,9.8,.461,1.1,3.7,.288,3.5,6.2,.563,.514,1.9,2.5,.770,1.3,3.6,4.9,1.4,0.6,0.3,0.9,1.4,12.0,,johnske04
131,Daeqwon Plowden,26,ATL,SG,2,0,16.5,4.0,5.0,.800,3.0,4.0,.750,1.0,1.0,1.000,1.100,1.0,1.0,1.000,1.5,1.0,2.5,0.0,0.0,0.0,0.5,2.5,12.0,,plowdda01
132,Terry Rozier,30,MIA,PG,41,21,28.3,4.4,10.8,.404,1.5,5.1,.288,2.9,5.7,.506,.472,1.7,1.9,.883,0.8,3.3,4.1,2.9,0.6,0.3,1.5,1.4,11.9,,roziete01
133,Jabari Smith Jr.,21,HOU,PF,33,33,30.9,4.1,9.5,.435,1.7,4.8,.354,2.4,4.7,.516,.524,2.0,2.3,.867,1.8,4.7,6.5,1.0,0.4,1.0,0.9,2.3,11.9,,smithja05
134,Isaiah Hartenstein,26,OKC,C,25,24,29.9,5.0,8.8,.568,0.0,0.4,.000,5.0,8.4,.598,.568,1.8,2.8,.648,2.9,9.2,12.2,4.2,0.8,1.2,2.0,2.9,11.8,,harteis01
135,Keegan Murray,24,SAC,PF,43,43,35.2,4.6,10.7,.426,1.8,5.7,.320,2.8,5.1,.546,.511,0.8,1.0,.837,2.1,5.0,7.1,1.4,0.8,0.9,0.9,2.7,11.8,,murrake02
136,Harrison Barnes,32,SAS,PF,43,43,28.1,4.0,7.9,.500,1.5,3.7,.414,2.4,4.3,.574,.596,2.3,2.8,.795,1.5,2.5,4.0,1.7,0.3,0.2,0.6,0.9,11.7,,barneha02
137,Stephon Castle,20,SAS,PG,42,25,25.3,4.2,10.5,.400,1.0,3.8,.259,3.2,6.8,.477,.446,2.3,3.2,.716,0.8,1.7,2.5,3.6,0.8,0.3,1.9,1.7,11.7,,castlst01
138,Onyeka Okongwu,24,ATL,C,39,5,24.5,4.6,8.3,.551,0.4,1.6,.258,4.2,6.7,.620,.575,2.2,2.8,.757,2.9,4.9,7.8,1.9,0.8,0.9,1.0,2.3,11.7,,okongon01
139,Jonas Valančiūnas,32,WAS,C,45,8,19.6,4.8,8.6,.564,0.2,0.6,.280,4.7,8.0,.583,.573,1.9,2.1,.895,2.4,5.7,8.1,2.2,0.5,0.6,1.8,1.9,11.7,,valanjo01
140,Jaylen Wells,21,MEM,SG,47,42,26.1,4.1,9.3,.439,2.0,5.1,.388,2.1,4.2,.503,.546,1.6,1.9,.841,1.1,2.1,3.2,1.7,0.6,0.1,1.0,1.9,11.7,,wellsja01
141,Josh Giddey,22,CHI,PG,43,43,28.6,4.4,10.0,.441,1.2,3.7,.331,3.2,6.3,.504,.501,1.5,2.0,.750,1.7,5.7,7.4,6.7,1.1,0.5,2.8,1.6,11.5,,giddejo01
142,Jrue Holiday,34,BOS,PG,40,40,30.5,4.2,9.4,.447,1.9,5.3,.355,2.3,4.1,.564,.547,1.2,1.4,.891,1.1,3.2,4.3,3.7,1.0,0.5,1.4,1.5,11.5,,holidjr01
143,Tyus Jones,28,PHO,PG,44,44,29.9,4.3,9.0,.479,2.1,5.0,.420,2.2,4.0,.551,.594,0.8,0.9,.872,0.6,2.0,2.5,6.1,0.9,0.1,1.3,1.1,11.5,,jonesty01
144,Alex Sarr,19,WAS,C,41,41,26.8,4.3,10.9,.397,1.4,4.6,.307,2.9,6.3,.463,.462,1.4,2.1,.644,1.8,4.8,6.6,2.2,0.7,1.6,1.4,2.4,11.5,,sarral01
145,Walker Kessler,23,UTA,C,35,35,29.7,4.9,6.6,.733,0.1,0.1,.500,4.8,6.5,.737,.737,1.5,2.7,.547,4.5,6.9,11.4,1.5,0.5,2.4,1.4,2.1,11.3,,kesslwa01
146,Corey Kispert,25,WAS,SF,40,0,26.8,4.1,9.2,.440,1.9,5.4,.355,2.2,3.9,.558,.543,1.2,1.4,.860,0.6,2.4,3.0,1.6,0.6,0.2,1.0,1.5,11.2,,kispeco01
147,Duncan Robinson,30,MIA,SF,43,25,24.3,4.0,9.4,.425,2.6,6.8,.378,1.4,2.7,.544,.560,0.7,0.7,.875,0.3,2.2,2.5,2.7,0.6,0.1,1.0,2.1,11.2,,robindu01
148,Grayson Allen,29,PHO,SG,36,1,24.4,3.5,7.8,.452,2.4,5.7,.429,1.1,2.1,.514,.609,1.6,2.0,.831,0.6,2.6,3.2,1.8,0.9,0.3,1.0,1.3,11.1,,allengr01
149,Tari Eason,23,HOU,PF,30,0,22.9,4.2,9.0,.469,1.0,3.1,.326,3.2,6.0,.542,.524,1.7,2.2,.746,2.0,4.0,6.1,1.1,2.0,0.8,0.8,2.5,11.1,,easonta01
150,Jordan Hawkins,22,NOP,SG,31,5,23.5,3.8,10.2,.369,2.0,6.0,.335,1.8,4.3,.417,.467,1.6,1.9,.831,0.4,2.1,2.5,0.9,0.7,0.4,0.9,0.8,11.1,,hawkijo01
151,Julian Champagnie,23,SAS,SF,43,26,26.1,3.8,9.0,.420,2.4,6.6,.367,1.3,2.4,.563,.554,1.1,1.2,.902,0.8,3.5,4.3,1.2,0.7,0.5,1.0,1.5,11.0,,champju02
152,Donte DiVincenzo,28,MIN,SG,40,8,26.4,3.7,9.3,.397,2.6,7.0,.369,1.1,2.4,.479,.535,1.0,1.3,.820,0.6,3.1,3.7,3.6,1.2,0.2,1.8,1.6,11.0,,divindo01
153,Tim Hardaway Jr.,32,DET,SG,42,42,28.5,3.6,8.5,.419,2.1,5.7,.377,1.4,2.8,.504,.545,1.8,2.1,.831,0.2,2.0,2.2,1.5,0.5,0.0,0.7,1.3,11.0,,hardati02
154,Naji Marshall,27,DAL,SF,34,14,24.7,4.4,8.6,.503,0.9,2.8,.313,3.5,5.8,.596,.554,1.4,1.6,.870,0.9,2.7,3.6,2.6,1.0,0.1,1.5,1.5,11.0,,marshna01
155,Ty Jerome,27,CLE,SG,43,2,18.4,3.9,7.7,.511,1.5,3.4,.438,2.4,4.3,.568,.607,1.6,1.8,.883,0.7,1.6,2.3,3.3,1.2,0.0,1.2,1.4,10.9,,jeromty01
156,Caris LeVert,30,CLE,SF,35,2,24.1,3.7,7.9,.473,1.7,3.9,.420,2.1,4.0,.525,.578,1.7,2.4,.699,0.6,2.3,2.9,3.8,0.9,0.5,1.3,1.3,10.8,,leverca01
157,Chris Boucher,32,TOR,PF,41,0,17.5,3.9,7.7,.505,1.5,4.0,.370,2.4,3.7,.647,.600,1.5,1.9,.795,1.3,3.1,4.4,0.6,0.6,0.6,0.6,1.3,10.7,,bouchch01
158,Brandon Boston Jr.,23,NOP,SG,39,10,23.8,3.9,9.0,.436,1.2,3.3,.346,2.8,5.7,.489,.500,1.6,2.0,.810,0.7,2.5,3.2,2.3,1.2,0.2,1.2,1.7,10.6,,bostobr01
159,Andrew Nembhard,25,IND,SG,30,30,28.4,4.0,8.6,.465,0.8,2.4,.333,3.2,6.2,.516,.512,1.8,2.5,.743,0.6,2.9,3.5,5.2,1.2,0.1,1.7,2.0,10.6,,nembhan01
160,Nikola Jović,21,MIA,PF,36,10,24.1,3.5,7.9,.447,1.6,4.3,.374,1.9,3.6,.535,.549,1.8,2.1,.855,0.6,3.4,4.0,2.8,0.9,0.3,1.2,1.6,10.5,,jovicni01
161,Jaden McDaniels,24,MIN,PF,46,46,31.0,4.2,9.1,.460,1.3,3.8,.333,2.9,5.3,.551,.530,0.9,1.2,.764,1.5,3.8,5.2,1.6,1.5,0.9,1.0,2.9,10.5,,mcdanja02
162,Zaccharie Risacher,19,ATL,SF,40,38,23.7,4.0,9.9,.400,1.2,4.2,.283,2.8,5.7,.485,.459,1.5,2.1,.707,1.3,2.2,3.6,1.2,0.8,0.5,1.2,2.1,10.5,,risacza01
163,Ochai Agbaji,24,TOR,SG,40,33,28.5,4.2,8.3,.508,1.6,3.9,.403,2.7,4.4,.599,.601,0.5,0.7,.679,0.9,2.8,3.7,1.7,0.8,0.5,0.8,2.1,10.4,,agbajoc01
164,Amir Coffey,27,LAC,SG,45,10,26.3,3.6,7.6,.474,1.5,3.7,.413,2.1,3.9,.531,.574,1.7,1.8,.904,0.5,2.0,2.6,1.2,0.6,0.1,0.7,1.6,10.4,,coffeam01
165,Rudy Gobert,32,MIN,C,46,46,33.0,4.0,6.2,.649,0.0,0.0,,4.0,6.2,.649,.649,2.4,3.5,.681,3.3,7.0,10.3,1.8,0.7,1.5,1.3,2.5,10.4,,goberru01
166,Derrick Jones Jr.,27,LAC,SF,44,41,24.7,4.1,8.0,.520,1.0,2.8,.369,3.1,5.2,.601,.584,1.1,1.4,.800,1.3,2.3,3.6,0.8,1.3,0.3,0.9,2.0,10.4,,jonesde02
167,Grant Williams,26,CHO,PF,16,7,29.9,3.4,7.7,.439,1.7,4.6,.365,1.7,3.1,.551,.549,1.9,2.3,.838,1.1,4.0,5.1,2.3,1.1,0.8,1.8,2.9,10.4,,willigr01
168,Spencer Dinwiddie,31,DAL,PG,45,15,25.0,3.2,8.0,.407,1.4,4.0,.343,1.9,4.0,.472,.493,2.5,2.8,.867,0.2,2.3,2.5,3.7,0.9,0.2,1.1,1.6,10.3,,dinwisp01
169,Quentin Grimes,24,DAL,SG,44,12,23.1,3.6,7.8,.462,1.7,4.3,.402,1.9,3.5,.536,.573,1.4,1.8,.769,0.7,3.3,4.0,2.2,0.7,0.2,1.3,1.6,10.3,,grimequ01
170,Herbert Jones,26,NOP,SF,20,20,32.4,3.8,8.6,.436,1.1,3.6,.306,2.7,5.0,.530,.500,1.7,2.0,.825,1.1,2.8,3.9,3.3,1.9,0.5,1.8,3.3,10.3,,joneshe01
171,De'Anthony Melton,26,GSW,SG,6,2,20.2,3.7,9.0,.407,2.2,5.8,.371,1.5,3.2,.474,.528,0.8,1.3,.625,1.0,2.3,3.3,2.8,1.2,0.3,1.7,3.0,10.3,,meltode01
172,Svi Mykhailiuk,27,UTA,SF,17,8,18.8,3.7,8.5,.434,2.2,6.2,.362,1.5,2.4,.625,.566,0.6,0.8,.786,0.4,1.8,2.2,1.7,0.8,0.3,1.7,1.3,10.3,,mykhasv01
173,Guerschon Yabusele,29,PHI,C,42,20,26.1,3.7,7.5,.498,1.5,3.9,.394,2.2,3.6,.613,.602,1.3,1.9,.692,1.9,3.6,5.5,2.0,0.7,0.5,1.3,2.6,10.3,,yabusgu01
174,Jalen Duren,21,DET,C,43,43,25.4,4.3,6.1,.696,0.0,0.0,,4.3,6.1,.696,.696,1.6,2.6,.636,3.4,6.4,9.9,2.2,0.6,1.2,1.9,3.3,10.1,,durenja01
175,T.J. McConnell,32,IND,PG,44,0,19.0,4.6,8.6,.529,0.2,0.6,.269,4.4,8.0,.548,.538,0.8,1.0,.739,0.6,2.0,2.6,4.5,1.2,0.3,1.5,1.0,10.1,,mccontj01
176,Brice Sensabaugh,21,UTA,SF,34,0,18.1,3.6,7.8,.468,1.9,4.8,.402,1.7,3.0,.574,.592,0.9,1.0,.939,0.6,2.1,2.7,1.4,0.6,0.1,1.5,1.4,10.1,,sensabr01
177,Bogdan Bogdanović,32,ATL,SG,24,0,24.9,3.5,9.3,.371,1.8,6.1,.301,1.6,3.3,.500,.469,1.3,1.4,.882,0.5,2.3,2.8,2.0,0.8,0.3,1.5,2.4,10.0,,bogdabo01
178,Toumani Camara,24,POR,PF,44,44,31.5,3.7,8.5,.437,1.5,4.3,.353,2.2,4.3,.521,.525,1.1,1.5,.716,2.2,3.3,5.5,2.0,1.4,0.6,1.5,3.0,10.0,,camarto01
179,Obi Toppin,26,IND,PF,42,0,19.2,3.9,7.2,.536,1.2,3.4,.352,2.7,3.8,.700,.619,1.1,1.4,.810,0.7,3.3,4.0,1.6,0.7,0.4,0.6,1.4,10.0,,toppiob01
180,Gary Trent Jr.,26,MIL,SG,39,7,24.9,3.5,7.8,.443,2.3,5.2,.438,1.2,2.6,.451,.589,0.8,0.9,.912,0.2,2.1,2.2,1.0,1.0,0.1,0.6,2.0,10.0,,trentga02
181,Cam Whitmore,20,HOU,SF,26,0,16.4,3.8,8.7,.442,1.3,3.9,.324,2.6,4.8,.540,.515,1.1,1.5,.737,0.8,2.3,3.2,0.8,0.6,0.3,0.9,0.9,10.0,,whitmca01
182,Luke Kennard,28,MEM,SG,34,2,21.6,3.2,6.7,.485,2.3,4.6,.490,1.0,2.1,.471,.654,1.0,1.1,.897,0.7,2.3,3.0,3.4,0.6,0.1,1.0,0.8,9.8,,kennalu01
183,Nic Claxton,25,BRK,C,40,32,26.3,4.2,7.8,.540,0.0,0.3,.077,4.2,7.5,.560,.542,1.2,2.3,.527,2.0,5.6,7.6,2.0,1.0,1.1,1.2,2.1,9.7,,claxtni01
184,Luguentz Dort,25,OKC,SF,43,43,29.0,3.4,8.1,.414,2.3,5.6,.414,1.1,2.6,.414,.556,0.7,0.9,.811,1.4,2.9,4.3,1.7,1.0,0.7,0.7,3.1,9.7,,dortlu01
185,Scotty Pippen Jr.,24,MEM,PG,47,16,21.5,3.6,7.8,.463,1.0,2.9,.351,2.6,5.0,.528,.527,1.4,2.1,.680,0.8,2.6,3.4,4.5,1.2,0.3,1.9,2.6,9.7,,pippesc02
186,Goga Bitadze,25,ORL,C,37,33,24.6,4.1,6.5,.625,0.1,0.5,.105,4.0,6.0,.670,.629,1.4,2.1,.671,2.7,5.5,8.2,2.4,0.9,1.6,1.4,2.4,9.6,,bitadgo01
187,Zach Edey,22,MEM,C,33,26,20.8,3.9,6.8,.580,0.4,1.1,.389,3.5,5.7,.617,.612,1.3,2.0,.662,3.2,4.3,7.5,0.9,0.6,1.2,1.5,2.8,9.6,,edeyza01
188,Tosan Evbuomwan,23,BRK,SF,13,0,23.9,3.5,7.8,.446,0.7,2.5,.273,2.8,5.2,.529,.490,2.0,2.7,.743,1.2,3.1,4.3,1.4,0.7,0.3,2.1,1.8,9.6,,evbuoto01
189,Nick Richards,27,2TM,C,26,13,21.8,3.3,5.7,.577,0.0,0.1,.000,3.3,5.7,.585,.577,2.8,4.0,.705,2.6,5.6,8.2,1.2,0.3,1.2,1.7,2.5,9.5,,richani01
189,Nick Richards,27,CHO,C,21,9,21.0,3.0,5.4,.561,0.0,0.0,.000,3.0,5.4,.566,.561,2.8,4.1,.678,2.4,5.1,7.5,1.3,0.3,1.2,1.6,2.3,8.9,,richani01
189,Nick Richards,27,PHO,C,5,4,25.4,4.4,7.0,.629,0.0,0.2,.000,4.4,6.8,.647,.629,3.0,3.6,.833,3.4,7.8,11.2,0.6,0.2,0.8,2.0,3.4,11.8,,richani01
190,Jaime Jaquez Jr.,23,MIA,SF,40,10,23.8,3.5,7.8,.442,0.7,2.1,.317,2.8,5.8,.487,.484,2.0,2.6,.752,1.2,3.5,4.8,2.8,1.2,0.2,1.6,1.6,9.5,,jaqueja01
191,Chris Paul,39,SAS,PG,43,43,29.1,3.1,7.5,.419,1.7,4.8,.364,1.4,2.7,.517,.536,1.4,1.5,.969,0.5,3.7,4.2,8.2,1.3,0.2,1.6,1.9,9.5,,paulch01
192,Aaron Wiggins,26,OKC,SG,45,13,21.0,3.8,7.7,.487,1.3,3.6,.366,2.4,4.1,.591,.572,0.6,0.8,.829,1.0,2.4,3.4,1.5,0.8,0.2,0.9,1.3,9.5,,wiggiaa01
193,Clint Capela,30,ATL,C,45,41,22.4,4.2,7.3,.573,0.0,0.0,,4.2,7.3,.573,.573,1.0,1.9,.541,3.3,5.7,9.0,1.2,0.6,1.0,1.0,2.0,9.4,,capelca01
194,Noah Clowney,20,BRK,PF,37,18,23.1,3.0,8.1,.375,2.0,5.6,.354,1.0,2.4,.422,.498,1.4,1.6,.850,0.9,3.0,3.9,0.8,0.5,0.5,1.0,2.4,9.4,,clownno01
195,Isaiah Joe,25,OKC,SG,41,11,20.7,3.3,7.8,.428,2.3,6.0,.389,1.0,1.7,.563,.579,0.4,0.5,.762,0.5,2.1,2.6,1.4,0.8,0.1,0.5,1.6,9.4,,joeis01
196,Royce O'Neale,31,PHO,SF,39,10,25.1,3.3,7.8,.425,2.3,5.6,.405,1.1,2.2,.477,.570,0.4,0.6,.773,0.9,4.4,5.3,2.0,0.9,0.5,1.1,2.2,9.4,,onealro01
197,Jalen Wilson,24,BRK,PF,46,12,27.5,3.2,8.3,.383,1.4,4.5,.301,1.8,3.8,.480,.465,1.7,2.0,.844,1.1,2.4,3.5,1.9,0.5,0.0,1.2,2.3,9.4,,wilsoja03
198,Anthony Black,21,ORL,PG,44,6,25.0,3.3,8.0,.411,0.6,2.4,.269,2.6,5.6,.472,.451,2.1,2.9,.740,0.5,2.1,2.6,3.5,1.1,0.6,2.0,2.3,9.3,,blackan01
199,Julian Strawther,22,DEN,SG,46,0,21.8,3.3,7.5,.432,1.5,4.1,.370,1.7,3.4,.506,.533,1.2,1.5,.836,0.3,1.8,2.1,1.4,0.7,0.3,0.8,2.4,9.3,,strawju01
200,Jose Alvarado,26,NOP,PG,24,7,22.0,3.1,7.9,.392,2.1,5.2,.408,1.0,2.7,.359,.526,0.9,1.2,.786,0.5,1.5,2.0,4.1,1.3,0.3,1.1,2.0,9.2,,alvarjo01
201,Kentavious Caldwell-Pope,31,ORL,SG,46,46,30.8,3.2,7.7,.415,1.5,4.8,.314,1.7,2.8,.588,.514,1.2,1.4,.877,0.3,1.6,1.9,1.9,1.6,0.5,0.9,1.9,9.2,,caldwke01
202,Keon Johnson,22,BRK,SG,45,25,22.3,3.4,9.0,.372,1.4,4.8,.301,1.9,4.2,.453,.452,1.0,1.4,.754,0.6,2.5,3.2,1.8,0.8,0.3,1.3,2.5,9.2,,johnske07
203,Miles McBride,24,NYK,PG,37,0,23.3,3.3,7.9,.418,1.7,4.6,.368,1.6,3.3,.488,.526,0.9,1.1,.825,0.8,1.6,2.5,2.8,0.8,0.2,0.8,1.5,9.2,,mcbrimi01
204,Larry Nance Jr.,32,ATL,PF,16,3,19.4,3.6,6.5,.548,1.6,3.4,.481,1.9,3.1,.620,.673,0.4,0.5,.875,1.1,3.2,4.3,1.6,1.0,0.7,0.8,1.5,9.2,,nancela02
205,Kevin Porter Jr.,24,LAC,SG,41,2,19.7,3.8,9.1,.414,0.6,2.4,.242,3.2,6.7,.476,.446,1.1,1.8,.644,0.6,2.9,3.5,3.2,1.0,0.3,1.9,1.5,9.2,,porteke02
206,Marcus Smart,30,MEM,PG,18,6,21.2,2.9,7.9,.373,1.6,4.8,.333,1.3,3.1,.436,.475,1.7,2.0,.833,0.8,1.6,2.3,3.8,1.3,0.3,1.9,1.7,9.2,,smartma01
207,Patrick Williams,23,CHI,PF,37,35,26.7,3.2,8.7,.372,1.6,4.6,.351,1.6,4.1,.395,.464,1.1,1.3,.813,0.7,3.3,3.9,2.2,0.8,0.6,1.3,1.3,9.2,,willipa01
208,Ziaire Williams,23,BRK,SF,33,16,22.6,3.1,7.8,.395,1.2,3.8,.315,1.8,3.9,.473,.473,1.8,2.3,.803,1.0,3.6,4.6,1.4,1.0,0.4,1.1,2.5,9.2,,willizi02
209,Bruce Brown,28,TOR,PG,13,0,20.3,3.5,7.7,.460,0.6,1.9,.320,2.9,5.8,.507,.500,1.4,1.6,.857,1.1,3.2,4.2,1.6,0.9,0.2,1.4,1.7,9.1,,brownbr01
210,Dalton Knecht,23,LAL,SF,44,12,20.9,3.3,7.3,.458,1.5,4.4,.351,1.8,2.8,.624,.564,1.0,1.2,.808,0.5,2.6,3.1,0.9,0.4,0.1,0.5,1.4,9.1,,knechda01
211,Dereck Lively II,20,DAL,C,32,25,24.0,3.9,5.5,.701,0.0,0.0,,3.9,5.5,.701,.701,1.4,2.2,.638,3.1,4.8,7.8,2.6,0.5,1.7,1.2,2.9,9.1,,livelde01
212,Caleb Martin,29,PHI,SF,31,24,30.4,3.3,7.5,.435,1.1,2.8,.379,2.2,4.7,.469,.506,1.5,2.4,.622,1.4,3.0,4.4,2.2,1.1,0.6,1.4,2.0,9.1,,martica02
213,Dorian Finney-Smith,31,2TM,PF,31,22,27.0,3.2,6.8,.467,2.0,4.7,.428,1.2,2.2,.552,.613,0.6,0.9,.655,1.4,2.6,4.0,1.3,0.9,0.4,0.7,2.5,9.0,,finnedo01
213,Dorian Finney-Smith,31,BRK,PF,20,20,29.0,3.7,8.0,.459,2.4,5.4,.435,1.3,2.6,.510,.607,0.8,1.2,.625,1.6,3.0,4.6,1.6,0.9,0.6,0.9,2.7,10.4,,finnedo01
213,Dorian Finney-Smith,31,LAL,PF,11,2,23.5,2.4,4.8,.491,1.4,3.4,.405,1.0,1.5,.688,.632,0.4,0.5,.800,1.2,1.9,3.1,0.8,0.8,0.0,0.4,2.0,6.5,,finnedo01
214,Yves Missi,20,NOP,C,44,38,26.8,3.5,6.2,.566,0.0,0.0,.000,3.5,6.2,.568,.566,1.9,2.9,.661,3.5,4.5,8.0,1.4,0.6,1.5,1.2,2.1,9.0,,missiyv01
215,Carlton Carrington,19,WAS,PG,45,34,29.8,3.3,8.3,.396,1.6,4.6,.340,1.7,3.7,.467,.491,0.8,0.9,.810,0.4,3.8,4.1,3.8,0.8,0.2,1.5,2.5,8.9,,carrica01
216,Tristan Da Silva,23,ORL,SF,44,34,26.3,3.3,8.0,.419,1.3,4.0,.331,2.0,4.0,.506,.501,0.8,1.0,.841,1.3,2.8,4.2,1.8,0.5,0.2,0.9,1.5,8.8,,dasiltr01
217,Aaron Nesmith,25,IND,SF,10,7,19.6,3.1,5.7,.544,1.1,2.2,.500,2.0,3.5,.571,.640,1.5,1.7,.882,0.5,3.0,3.5,0.9,0.4,0.2,0.9,2.9,8.8,,nesmiaa01
218,Dalano Banton,25,POR,PG,37,0,15.7,3.1,7.6,.406,1.2,3.3,.352,1.9,4.4,.447,.482,1.3,1.9,.700,0.3,1.6,1.9,2.2,0.8,0.5,1.3,1.0,8.7,,bantoda01
219,Wendell Carter Jr.,25,ORL,C,35,26,25.8,3.1,6.9,.442,0.5,2.3,.195,2.6,4.6,.569,.475,2.1,3.0,.712,1.8,5.5,7.3,2.3,0.9,0.6,1.0,2.9,8.7,,cartewe01
220,Georges Niang,31,CLE,PF,46,1,20.4,3.2,6.9,.472,1.7,4.4,.398,1.5,2.5,.600,.598,0.3,0.5,.762,0.7,3.1,3.8,1.4,0.3,0.1,1.0,2.4,8.6,,niangge01
221,Jusuf Nurkić,30,PHO,C,25,23,23.7,3.0,6.5,.454,0.8,2.4,.322,2.2,4.2,.529,.512,1.9,2.8,.696,1.8,7.3,9.2,1.9,0.9,0.6,2.3,3.1,8.6,,nurkiju01
222,Kel'el Ware,20,MIA,C,30,4,16.8,3.5,6.2,.565,0.8,1.8,.426,2.7,4.4,.621,.626,0.8,1.1,.727,1.0,3.8,4.8,0.5,0.6,1.0,0.7,1.3,8.6,,wareke01
223,Moses Moody,22,GSW,SG,38,4,17.7,2.9,6.7,.439,1.6,4.1,.397,1.3,2.6,.505,.561,0.9,1.3,.735,0.5,1.5,2.0,1.1,0.5,0.3,0.7,1.3,8.5,,moodymo01
224,Draymond Green,34,GSW,PF,34,32,27.8,2.9,7.1,.415,1.4,3.7,.362,1.6,3.4,.474,.510,1.2,1.9,.615,1.0,5.0,6.0,5.5,1.0,1.1,2.5,3.1,8.4,,greendr01
225,Jaylen Nowell,25,NOP,SG,8,0,21.0,3.3,9.1,.356,1.0,3.4,.296,2.3,5.8,.391,.411,0.9,1.4,.636,0.8,1.8,2.5,2.3,0.1,0.5,1.0,1.1,8.4,,nowelja01
226,Nickeil Alexander-Walker,26,MIN,SG,46,2,22.9,3.0,6.7,.448,1.6,3.9,.400,1.4,2.8,.516,.565,0.7,1.0,.696,0.6,2.3,2.8,2.3,0.6,0.3,1.3,1.7,8.3,,alexani01
227,Max Christie,21,LAL,SG,43,22,24.9,2.7,6.2,.442,1.3,3.4,.372,1.4,2.7,.530,.545,1.6,1.9,.854,0.6,2.0,2.6,1.4,0.8,0.5,0.9,1.5,8.3,,chrisma02
228,Jaden Hardy,22,DAL,SG,36,3,15.8,3.0,6.9,.436,1.3,3.2,.400,1.8,3.8,.467,.528,1.0,1.3,.729,0.2,1.4,1.6,1.4,0.6,0.1,1.5,1.6,8.3,,hardyja02
229,Brandin Podziemski,21,GSW,SG,32,8,24.1,3.2,7.7,.419,1.1,3.6,.313,2.1,4.1,.511,.492,0.8,1.0,.750,1.0,3.4,4.4,3.2,1.0,0.2,1.0,1.5,8.3,,podzibr01
230,Trendon Watford,24,BRK,PF,13,0,16.1,2.7,6.1,.443,0.6,2.0,.308,2.1,4.1,.509,.494,2.3,2.7,.857,0.3,2.5,2.8,1.2,0.4,0.3,1.2,2.3,8.3,,watfotr01
231,Cole Anthony,24,ORL,PG,43,8,16.3,3.0,7.5,.408,0.9,2.9,.306,2.2,4.6,.472,.467,1.2,1.6,.765,0.6,2.2,2.8,2.7,0.6,0.3,1.6,2.1,8.2,,anthoco01
232,Trayce Jackson-Davis,24,GSW,C,44,36,20.0,3.5,6.2,.571,0.0,0.0,.000,3.5,6.2,.574,.571,1.1,1.9,.595,2.4,4.0,6.4,2.2,0.5,0.8,0.9,1.5,8.2,,jackstr02
233,Peyton Watson,22,DEN,SF,46,12,24.2,3.0,6.3,.467,0.7,2.0,.344,2.3,4.3,.525,.522,1.6,2.2,.747,0.8,2.7,3.5,1.5,0.9,1.3,0.9,1.7,8.2,,watsope01
234,Al Horford,38,BOS,C,36,25,26.8,3.0,7.1,.416,1.8,5.1,.359,1.1,2.0,.562,.545,0.3,0.3,.833,1.1,4.2,5.3,2.1,0.6,0.9,0.8,1.5,8.1,,horfoal01
235,Tyrese Martin,25,BRK,SG,31,6,21.3,3.0,7.5,.399,1.6,4.5,.353,1.4,3.0,.468,.504,0.5,0.8,.654,1.1,2.8,3.9,1.8,0.4,0.2,1.3,1.1,8.1,,martity01
236,Jalen Smith,24,CHI,C,43,1,15.1,2.9,6.2,.464,1.1,3.3,.340,1.7,2.8,.612,.557,1.3,1.5,.831,1.5,4.0,5.5,0.8,0.3,0.7,0.6,1.6,8.1,,smithja04
237,Ausar Thompson,22,DET,SF,24,13,19.7,3.4,6.8,.500,0.3,1.3,.219,3.1,5.4,.569,.522,1.0,1.8,.595,1.6,3.2,4.8,1.6,1.5,0.4,1.5,2.5,8.1,,thompau01
238,Justin Champagnie,23,WAS,SF,27,13,20.0,3.1,6.2,.503,1.1,3.0,.388,2.0,3.2,.609,.596,0.6,0.9,.640,1.6,3.3,4.9,1.0,1.0,0.6,0.8,2.0,8.0,,champju01
239,Mike Conley,37,MIN,PG,42,36,24.6,2.5,6.8,.366,1.8,4.6,.381,0.7,2.2,.333,.495,1.2,1.4,.897,0.5,2.2,2.7,4.3,1.4,0.2,1.1,1.4,8.0,,conlemi01
240,Kevin Huerter,26,SAC,SG,41,15,21.5,3.0,7.4,.413,1.5,4.9,.302,1.6,2.5,.625,.512,0.5,0.7,.714,0.5,2.4,2.9,1.7,0.9,0.4,0.9,1.7,8.0,,huertke01
241,Jay Huff,26,MEM,C,42,1,13.4,2.8,5.4,.524,1.5,3.6,.417,1.3,1.8,.737,.663,0.9,1.1,.771,0.5,1.8,2.3,0.7,0.3,1.0,0.7,1.5,8.0,,huffja01
242,GG Jackson II,20,MEM,PF,5,0,16.6,2.8,7.8,.359,1.0,4.0,.250,1.8,3.8,.474,.423,1.4,1.8,.778,1.0,2.4,3.4,0.8,0.4,0.0,1.2,1.0,8.0,,jacksgg01
243,Garrison Mathews,28,ATL,SG,37,2,18.6,2.3,5.7,.405,1.9,4.8,.397,0.4,0.8,.452,.574,1.5,1.8,.821,0.3,1.5,1.8,1.5,0.7,0.3,0.7,1.8,8.0,,mathega01
244,A.J. Green,25,MIL,SG,38,4,21.8,2.7,5.9,.447,2.3,5.2,.442,0.3,0.7,.481,.642,0.3,0.4,.857,0.3,2.1,2.3,1.3,0.5,0.1,0.6,2.2,7.9,,greenaj01
245,Max Strus,28,CLE,SF,18,5,24.2,2.8,6.8,.415,2.0,5.4,.371,0.8,1.4,.577,.561,0.2,0.3,.800,0.9,3.3,4.2,2.9,0.4,0.4,1.0,1.9,7.9,,strusma01
246,Cody Martin,29,CHO,SF,39,8,24.8,3.0,6.9,.433,1.0,3.2,.323,1.9,3.7,.528,.507,0.9,1.3,.694,1.0,3.5,4.5,2.3,1.1,0.7,1.1,1.8,7.8,,martico01
247,Day'Ron Sharpe,23,BRK,C,25,0,17.6,3.1,6.4,.484,0.2,1.1,.148,2.9,5.3,.553,.497,1.5,2.0,.755,3.0,3.4,6.3,1.4,0.8,0.5,1.2,1.9,7.8,,sharpda01
248,Brandon Clarke,28,MEM,PF,44,18,18.5,3.5,5.6,.613,0.0,0.4,.063,3.4,5.3,.651,.615,0.8,1.2,.686,1.8,3.2,5.0,1.0,0.8,0.5,0.6,2.4,7.7,,clarkbr01
249,Keon Ellis,25,SAC,SG,44,10,21.5,2.5,5.2,.487,1.6,3.7,.447,0.9,1.5,.582,.645,1.0,1.1,.860,0.8,1.6,2.4,1.3,1.4,0.8,0.8,1.9,7.7,,elliske01
250,Jake LaRavia,23,MEM,PF,43,0,21.6,2.7,5.4,.491,0.9,2.0,.437,1.8,3.4,.524,.573,1.5,2.1,.711,1.4,3.0,4.4,3.0,0.9,0.4,1.5,2.0,7.7,,laravja01
251,Sam Hauser,27,BOS,PF,39,7,20.1,2.7,6.2,.434,2.1,5.3,.386,0.6,0.9,.714,.599,0.1,0.1,1.000,0.7,2.3,2.9,1.0,0.7,0.2,0.3,1.1,7.5,,hausesa01
252,Cason Wallace,21,OKC,SG,44,30,27.8,3.1,6.9,.449,1.0,3.0,.341,2.1,3.9,.532,.523,0.3,0.4,.778,1.1,2.4,3.5,2.5,1.7,0.6,0.7,2.3,7.5,,wallaca01
253,Kyshawn George,21,WAS,SG,40,10,25.7,2.5,7.3,.345,1.4,5.1,.277,1.1,2.3,.495,.440,1.0,1.3,.760,0.8,2.9,3.7,2.2,0.9,0.6,1.3,3.0,7.4,,georgky01
254,Josh Green,24,CHO,SG,41,40,28.2,2.6,6.1,.426,1.5,3.6,.412,1.1,2.5,.446,.548,0.8,1.1,.711,1.1,1.8,2.9,1.4,1.1,0.3,0.9,2.8,7.4,,greenjo02
255,Cameron Payne,30,NYK,PG,41,1,14.6,2.6,6.1,.428,1.5,3.8,.400,1.1,2.3,.474,.552,0.7,0.7,.900,0.3,1.2,1.4,2.5,0.6,0.3,0.7,1.8,7.4,,payneca01
256,Ryan Dunn,22,PHO,SF,40,24,20.1,3.0,6.6,.452,1.1,3.5,.317,1.9,3.1,.605,.536,0.3,0.5,.476,1.0,2.4,3.4,0.9,0.5,0.7,0.4,2.4,7.3,,dunnry01
257,Johnny Juzang,23,UTA,SG,32,5,17.8,2.5,5.9,.418,1.7,4.2,.400,0.8,1.7,.463,.561,0.7,0.8,.880,0.6,2.2,2.8,1.0,0.4,0.2,0.5,1.9,7.3,,juzanjo01
258,Taurean Prince,30,MIL,SF,44,37,25.8,2.6,5.8,.455,1.7,3.7,.463,0.9,2.0,.438,.605,0.4,0.5,.773,0.5,3.2,3.7,2.0,0.8,0.1,1.0,1.9,7.3,,princta02
259,Andre Drummond,31,PHI,C,28,16,19.2,2.9,5.7,.509,0.0,0.4,.091,2.9,5.3,.541,.513,1.3,2.2,.574,2.5,5.1,7.6,0.6,1.1,0.4,1.7,2.4,7.1,,drumman01
260,Justin Edwards,21,PHI,SF,15,0,20.3,2.7,5.8,.460,1.2,3.5,.340,1.5,2.3,.647,.563,0.5,0.9,.615,1.0,1.8,2.8,0.9,0.7,0.3,0.9,1.9,7.1,,edwarju01
261,Quinten Post,24,GSW,PF,7,0,12.0,2.7,5.6,.487,1.4,3.9,.370,1.3,1.7,.750,.615,0.3,0.3,1.000,0.4,1.7,2.1,1.6,0.1,0.3,0.7,1.7,7.1,,postqu01
262,Lonzo Ball,27,CHI,PG,26,5,20.8,2.4,6.3,.378,1.8,5.3,.348,0.5,1.0,.538,.524,0.4,0.5,.786,0.5,2.9,3.4,3.5,1.6,0.5,1.2,1.6,7.0,,balllo01
263,Isaiah Jackson,23,IND,C,5,1,16.8,2.8,4.6,.609,0.0,0.0,,2.8,4.6,.609,.609,1.4,2.8,.500,2.2,3.4,5.6,1.0,0.6,1.6,1.0,2.8,7.0,,jacksis01
264,Kelly Olynyk,33,TOR,C,21,1,15.2,2.3,4.6,.510,0.8,1.7,.486,1.5,2.9,.525,.599,1.5,2.0,.780,0.9,2.5,3.4,2.3,0.7,0.4,1.5,2.2,7.0,,olynyke01
265,Ja'Kobe Walter,20,TOR,SG,27,7,18.4,2.6,6.5,.394,0.9,3.1,.298,1.6,3.4,.484,.466,0.9,1.4,.658,0.7,1.7,2.4,1.4,0.5,0.2,0.8,1.9,7.0,,walteja01
266,Torrey Craig,34,CHI,SF,9,1,12.6,2.4,5.0,.489,1.7,3.9,.429,0.8,1.1,.700,.656,0.3,0.4,.750,0.9,1.9,2.8,0.6,0.2,0.1,0.0,1.7,6.9,,craigto01
267,Bones Hyland,24,LAC,PG,19,0,11.3,2.2,5.8,.373,1.5,4.1,.377,0.6,1.7,.364,.505,1.1,1.3,.875,0.3,1.0,1.3,1.5,0.9,0.2,1.2,1.2,6.9,,hylanbo01
268,Vasilije Micić,31,CHO,PG,32,12,20.7,2.5,7.3,.341,1.1,3.4,.333,1.3,3.9,.347,.418,0.8,1.0,.818,0.5,1.7,2.3,3.4,0.4,0.0,2.1,1.2,6.9,,micicva01
269,Josh Okogie,26,2TM,SG,30,1,15.3,2.4,5.0,.477,0.8,2.0,.400,1.6,3.0,.527,.556,1.2,1.6,.714,1.3,1.8,3.1,0.7,1.2,0.4,0.7,1.2,6.8,,okogijo01
269,Josh Okogie,26,PHO,SG,25,1,14.0,2.2,4.6,.491,0.6,1.7,.381,1.6,2.9,.556,.561,0.9,1.3,.688,1.3,1.6,2.9,0.6,0.8,0.4,0.6,1.1,6.0,,okogijo01
269,Josh Okogie,26,CHO,SG,5,0,21.6,3.2,7.4,.432,1.6,3.6,.444,1.6,3.8,.421,.541,2.6,3.4,.765,1.4,2.6,4.0,1.6,3.0,0.6,1.2,1.6,10.6,,okogijo01
270,Jared Butler,24,WAS,PG,31,0,11.1,2.7,5.5,.488,0.5,1.3,.375,2.2,4.2,.523,.532,1.0,1.3,.775,0.5,0.9,1.3,2.5,0.4,0.2,0.9,1.2,6.8,,butleja02
271,Trey Lyles,29,SAC,PF,36,2,20.1,2.3,5.8,.401,1.4,3.9,.345,0.9,1.8,.523,.519,0.9,1.2,.738,1.1,3.7,4.8,0.9,0.6,0.5,0.6,1.3,6.8,,lylestr01
272,Eric Gordon,36,PHI,SG,33,10,19.4,2.2,5.2,.421,1.4,3.5,.397,0.8,1.7,.473,.556,1.0,1.3,.744,0.2,0.9,1.1,1.5,0.6,0.3,0.7,0.8,6.7,,gordoer01
273,Elfrid Payton,30,NOP,PG,7,3,20.6,3.3,6.6,.500,0.0,0.1,.000,3.3,6.4,.511,.500,0.1,0.3,.500,0.7,2.7,3.4,6.9,1.4,0.4,2.9,1.4,6.7,,paytoel01
274,Sam Merrill,28,CLE,SG,39,2,18.3,2.2,5.8,.373,1.7,5.1,.335,0.5,0.8,.613,.518,0.6,0.6,.957,0.5,1.4,1.9,1.6,0.5,0.2,0.4,1.8,6.6,,merrisa01
275,Haywood Highsmith,28,MIA,SF,43,34,24.2,2.5,5.2,.477,1.2,3.0,.406,1.3,2.2,.574,.595,0.4,0.6,.667,0.9,2.3,3.2,1.3,1.0,0.6,0.8,2.1,6.5,,highsha01
276,Simone Fontecchio,29,DET,SF,41,0,17.9,2.1,5.3,.404,1.1,3.3,.343,1.0,2.0,.500,.509,1.0,1.2,.800,0.7,2.3,2.9,0.9,0.3,0.1,0.8,1.3,6.4,,fontesi01
277,Ron Holland,19,DET,SF,46,1,15.6,2.4,5.2,.465,0.5,2.0,.250,1.9,3.2,.597,.512,1.0,1.3,.780,0.5,2.3,2.8,0.8,0.5,0.2,0.8,1.8,6.4,,hollaro01
278,Jonathan Isaac,27,ORL,PF,42,0,16.8,2.3,5.5,.417,0.7,2.6,.252,1.6,2.8,.571,.478,1.1,1.7,.658,1.9,3.0,4.9,0.5,0.8,1.3,0.5,1.4,6.4,,isaacjo01
279,DaQuan Jeffries,27,CHO,SG,12,0,17.4,2.4,5.0,.483,1.2,2.8,.424,1.3,2.3,.556,.600,0.4,0.5,.833,1.0,2.3,3.3,0.8,0.6,0.4,0.6,1.8,6.4,,jeffrda01
280,KJ Martin,24,PHI,PF,24,7,20.0,2.5,4.1,.616,0.3,0.9,.381,2.2,3.3,.679,.657,1.0,1.2,.828,0.9,2.1,3.0,0.8,0.5,0.7,0.5,2.6,6.4,,martike04
281,Ajay Mitchell,22,OKC,SG,34,1,16.5,2.5,4.9,.506,0.6,1.5,.431,1.8,3.4,.539,.572,0.8,1.0,.848,0.5,1.5,2.0,1.7,0.7,0.1,0.8,1.7,6.4,,mitchaj01
282,Keaton Wallace,25,ATL,PG,18,3,17.8,2.4,5.6,.426,1.1,2.9,.377,1.3,2.7,.479,.525,0.5,0.5,1.000,0.2,1.5,1.7,2.4,1.1,0.3,1.2,1.2,6.4,,wallake01
283,Ricky Council IV,23,PHI,SF,36,3,14.3,2.1,5.1,.402,0.6,2.2,.269,1.5,2.9,.500,.459,1.6,1.9,.836,0.7,1.7,2.3,0.9,0.3,0.2,0.6,0.8,6.3,,councri01
284,Vit Krejci,24,ATL,PG,31,14,19.7,2.3,5.2,.432,1.3,3.4,.377,1.0,1.8,.536,.556,0.5,0.7,.714,0.4,2.0,2.4,2.7,0.7,0.5,0.9,1.8,6.3,,krejcvi01
285,Terance Mann,28,LAC,SG,33,12,20.0,2.5,5.5,.456,0.7,2.1,.353,1.8,3.4,.518,.522,0.6,0.9,.700,0.8,2.1,2.9,1.7,0.8,0.3,0.7,1.9,6.3,,mannte01
286,Ben Simmons,28,BRK,PG,30,24,25.3,2.9,5.2,.555,0.0,0.0,,2.9,5.2,.555,.555,0.5,0.8,.696,0.9,4.4,5.3,7.1,0.8,0.5,2.8,2.5,6.3,,simmobe01
287,Jarace Walker,21,IND,PF,45,1,16.8,2.3,4.9,.468,1.0,2.5,.389,1.3,2.4,.551,.568,0.8,1.2,.642,0.4,2.9,3.3,1.5,1.0,0.4,1.1,1.7,6.3,,walkeja02
288,Javonte Green,31,NOP,SG,42,15,22.0,2.2,4.7,.464,0.8,2.1,.382,1.4,2.5,.533,.551,1.0,1.4,.754,1.1,2.5,3.5,0.8,1.0,0.7,0.6,1.5,6.2,,greenja02
289,Dru Smith,27,MIA,SG,14,1,19.1,2.2,4.4,.508,1.1,2.1,.533,1.1,2.2,.484,.639,0.6,0.9,.750,0.9,1.7,2.6,1.6,1.5,0.4,1.2,2.1,6.2,,smithdr01
290,Shake Milton,28,2TM,SG,35,1,16.1,2.2,4.9,.445,0.9,2.3,.366,1.3,2.6,.516,.532,0.9,1.1,.769,0.5,1.3,1.8,2.1,0.4,0.1,0.7,1.4,6.1,,miltosh01
290,Shake Milton,28,BRK,SG,27,1,18.2,2.7,5.8,.465,1.0,2.7,.389,1.7,3.1,.529,.554,0.9,1.2,.758,0.6,1.3,1.9,2.4,0.6,0.0,0.7,1.6,7.4,,miltosh01
290,Shake Milton,28,LAL,SG,8,0,9.1,0.5,2.0,.250,0.3,1.3,.200,0.3,0.8,.333,.313,0.6,0.8,.833,0.3,1.3,1.5,1.1,0.0,0.1,0.5,0.8,1.9,,miltosh01
291,Kyle Filipowski,21,UTA,C,34,8,18.5,2.3,4.8,.481,0.6,2.1,.300,1.7,2.7,.620,.546,0.9,1.4,.612,1.1,3.8,4.9,1.8,0.6,0.1,0.9,1.9,6.1,,filipky01
292,Davion Mitchell,26,TOR,PG,41,21,24.7,2.3,5.6,.417,0.9,2.7,.330,1.4,2.9,.496,.496,0.6,0.9,.667,0.4,1.6,1.9,4.6,0.7,0.2,1.7,2.7,6.1,,mitchda01
293,Thomas Bryant,27,2TM,C,29,1,13.1,2.3,4.1,.550,0.8,1.9,.411,1.5,2.2,.672,.646,0.7,0.7,.950,1.3,2.3,3.6,0.7,0.4,0.6,0.3,0.9,6.0,,bryanth01
293,Thomas Bryant,27,MIA,C,10,0,11.5,1.2,2.8,.429,0.6,1.7,.353,0.6,1.1,.545,.536,1.1,1.1,1.000,0.6,2.6,3.2,0.4,0.1,0.9,0.2,0.9,4.1,,bryanth01
293,Thomas Bryant,27,IND,C,19,1,13.9,2.8,4.8,.587,0.9,2.1,.436,1.9,2.8,.698,.679,0.4,0.5,.889,1.6,2.2,3.8,0.8,0.6,0.5,0.4,0.8,7.0,,bryanth01
294,Kris Dunn,30,LAC,PG,42,29,22.6,2.5,5.9,.423,0.9,3.0,.305,1.5,2.8,.551,.502,0.1,0.3,.500,0.7,2.6,3.2,2.7,1.5,0.3,1.1,2.5,6.0,,dunnkr01
295,Talen Horton-Tucker,24,CHI,SG,39,0,11.8,2.2,4.7,.457,0.8,2.1,.383,1.4,2.6,.515,.541,0.9,1.2,.729,0.4,1.4,1.7,1.4,0.4,0.2,0.7,1.0,6.0,,hortota01
296,Marcus Sasser,24,DET,PG,35,0,13.9,2.3,4.9,.468,0.9,2.5,.371,1.3,2.3,.573,.564,0.5,0.6,.900,0.3,0.9,1.2,2.1,0.6,0.1,0.8,1.3,6.0,,sassema01
297,Nick Smith Jr.,20,CHO,SG,25,6,15.0,2.3,6.1,.379,1.2,3.5,.341,1.1,2.6,.431,.477,0.2,0.2,.800,0.2,1.5,1.7,1.6,0.3,0.2,0.8,0.8,6.0,,smithni01
298,Dean Wade,28,CLE,PF,35,26,22.8,2.1,5.1,.408,1.5,4.3,.349,0.6,0.9,.700,.553,0.4,0.7,.520,1.0,4.1,5.1,1.6,0.9,0.5,0.3,1.9,6.0,,wadede01
299,James Wiseman,23,IND,C,1,0,5.0,2.0,4.0,.500,0.0,1.0,.000,2.0,3.0,.667,.500,2.0,2.0,1.000,0.0,1.0,1.0,0.0,0.0,0.0,0.0,0.0,6.0,,wisemja01
300,Jaylin Williams,22,OKC,PF,18,5,16.2,2.2,5.2,.415,1.3,3.7,.364,0.8,1.6,.536,.543,0.2,0.2,1.000,1.2,3.6,4.8,2.2,0.4,0.6,0.7,1.7,5.9,,willija07
301,Kevin Love,36,MIA,PF,18,6,11.1,1.9,5.5,.354,1.2,3.2,.362,0.8,2.3,.341,.460,0.7,1.1,.684,0.9,3.2,4.2,1.1,0.8,0.1,0.7,0.9,5.8,,loveke01
302,Isaac Okoro,24,CLE,SG,28,16,19.7,2.0,4.7,.427,1.1,2.8,.397,0.9,1.9,.472,.546,0.6,0.9,.720,0.8,1.3,2.1,1.6,0.7,0.4,0.4,2.0,5.8,,okorois01
303,Jeremiah Robinson-Earl,24,NOP,PF,39,6,18.3,2.2,5.0,.446,0.7,2.3,.300,1.5,2.7,.571,.515,0.6,0.7,.862,1.8,3.1,4.8,1.3,0.7,0.2,0.7,1.3,5.8,,robinje02
304,Robert Williams,27,POR,C,17,3,17.3,2.4,3.7,.651,0.1,0.2,.333,2.4,3.5,.667,.659,0.9,1.0,.882,1.8,3.9,5.7,1.0,0.6,1.7,0.9,1.5,5.8,,williro04
305,Precious Achiuwa,25,NYK,C,26,1,18.8,2.5,4.5,.542,0.3,0.7,.412,2.2,3.9,.564,.572,0.5,1.0,.519,1.7,3.7,5.4,1.0,0.9,0.8,0.8,1.4,5.7,,achiupr01
306,Alex Caruso,30,OKC,SG,27,0,19.7,2.2,5.7,.383,1.0,3.3,.292,1.2,2.4,.508,.468,0.3,0.4,.750,0.7,2.1,2.8,2.6,1.8,0.5,0.7,1.9,5.7,,carusal01
307,Quenton Jackson,26,IND,PG,18,7,14.1,2.2,4.2,.513,0.5,1.3,.375,1.7,2.9,.577,.572,0.8,1.2,.714,0.6,0.9,1.5,1.7,0.5,0.3,0.6,1.8,5.7,,jacksqu01
308,Alec Burks,33,MIA,SG,25,0,16.1,1.7,4.2,.413,1.3,3.1,.429,0.4,1.1,.370,.572,0.8,1.0,.808,0.3,1.7,2.0,1.0,0.5,0.2,0.4,0.6,5.6,,burksal01
309,Drew Eubanks,27,UTA,C,35,3,15.2,2.3,3.8,.594,0.1,0.1,.600,2.2,3.7,.594,.605,1.0,1.5,.648,1.1,3.5,4.7,1.2,0.3,0.8,0.9,1.3,5.6,,eubandr01
310,Lindy Waters III,27,GSW,SG,37,9,17.5,2.1,5.5,.376,1.3,3.9,.336,0.7,1.5,.482,.498,0.2,0.3,.727,0.4,2.2,2.6,1.1,0.6,0.3,0.5,1.5,5.6,,waterli01
311,Kenrich Williams,30,OKC,PF,34,0,14.0,2.2,4.4,.497,0.8,2.2,.373,1.4,2.2,.622,.591,0.4,0.5,.882,0.8,2.4,3.2,0.9,0.6,0.1,0.5,1.6,5.6,,willike04
312,Isaiah Wong,24,CHO,SG,14,0,12.4,1.9,4.9,.377,0.4,1.6,.273,1.4,3.4,.426,.420,1.5,2.1,.700,0.9,0.9,1.8,1.4,0.6,0.0,0.9,1.0,5.6,,wongis01
313,Jamison Battle,23,TOR,SF,34,0,12.6,1.9,4.2,.458,1.3,3.1,.415,0.6,1.1,.583,.613,0.4,0.4,.857,0.6,1.3,1.8,0.9,0.1,0.1,0.4,1.1,5.5,,battlja01
314,Seth Curry,34,CHO,SG,36,8,13.5,2.1,4.2,.493,1.0,2.2,.462,1.1,2.0,.528,.613,0.4,0.4,.867,0.4,1.0,1.4,0.5,0.4,0.1,0.4,0.9,5.5,,curryse01
315,Isaiah Stewart,23,DET,C,42,3,20.6,2.3,4.4,.522,0.2,0.8,.242,2.1,3.6,.583,.543,0.8,0.9,.846,2.0,3.9,6.0,1.7,0.4,1.3,0.9,2.6,5.5,,stewais01
316,Kyle Anderson,31,GSW,PF,33,3,15.2,2.1,4.8,.443,0.6,1.5,.373,1.5,3.2,.477,.503,0.5,0.8,.667,0.8,2.4,3.1,2.3,0.8,0.5,0.5,1.1,5.4,,anderky01
317,Donovan Clingan,20,POR,C,33,10,16.8,2.2,4.3,.521,0.2,0.7,.273,2.1,3.6,.567,.542,0.8,1.0,.735,2.7,3.9,6.7,0.8,0.5,1.6,1.2,2.5,5.4,,clingdo01
318,Kobe Bufkin,21,ATL,SG,10,0,12.4,1.8,4.7,.383,0.4,1.9,.211,1.4,2.8,.500,.426,1.3,1.8,.722,0.5,1.6,2.1,1.7,0.3,0.2,0.8,0.9,5.3,,bufkiko01
319,Isaiah Collier,20,UTA,PG,36,11,21.5,2.1,5.8,.365,0.4,1.9,.214,1.7,3.8,.442,.401,0.6,1.1,.605,0.3,2.4,2.8,4.9,0.8,0.2,2.7,2.1,5.3,,colliis01
320,Jordan Miller,25,LAC,SF,27,0,13.6,2.0,4.7,.429,0.3,1.3,.222,1.7,3.3,.511,.460,1.0,1.2,.788,0.8,1.1,1.9,1.1,0.6,0.2,0.8,0.8,5.3,,millejo02
321,Neemias Queta,25,BOS,C,38,5,15.0,2.2,3.3,.667,0.0,0.1,.000,2.2,3.3,.677,.667,0.8,1.2,.727,1.4,2.4,3.8,0.7,0.3,0.7,0.7,1.8,5.3,,quetane01
322,Jamal Shead,22,TOR,PG,42,0,16.5,2.0,5.0,.408,0.8,2.2,.351,1.3,2.8,.453,.486,0.4,0.6,.720,0.2,0.9,1.1,3.4,0.6,0.1,1.5,1.8,5.3,,sheadja01
323,Ben Sheppard,23,IND,SG,31,7,20.2,1.9,4.8,.393,1.2,3.4,.356,0.7,1.5,.478,.517,0.3,0.3,.900,0.6,1.9,2.5,1.0,0.5,0.3,0.4,2.3,5.3,,sheppbe01
324,Vince Williams Jr.,24,MEM,SG,3,0,15.0,2.3,6.3,.368,0.3,2.7,.125,2.0,3.7,.545,.395,0.3,1.3,.250,1.3,2.3,3.7,3.0,0.0,0.7,2.3,3.0,5.3,,willivi01
325,Jaxson Hayes,24,LAL,C,23,3,16.2,2.0,3.2,.644,0.0,0.1,.000,2.0,3.1,.662,.644,1.1,1.5,.743,1.3,2.5,3.9,0.8,0.4,0.7,0.6,2.0,5.2,,hayesja02
326,Monte Morris,29,PHO,PG,36,0,13.4,1.8,4.3,.426,0.6,1.8,.303,1.3,2.5,.517,.490,0.9,1.1,.850,0.3,1.3,1.5,1.7,0.4,0.1,0.4,0.5,5.2,,morrimo01
327,Trevelin Queen,27,ORL,SG,20,2,16.3,2.0,5.0,.394,0.8,2.6,.308,1.2,2.4,.489,.475,0.5,0.6,.818,0.8,0.9,1.7,1.5,1.1,0.4,0.9,1.6,5.2,,queentr01
328,Luke Kornet,29,BOS,C,41,6,17.0,2.0,3.2,.636,0.0,0.0,,2.0,3.2,.636,.636,1.0,1.4,.750,2.3,2.9,5.2,1.5,0.5,1.0,0.5,1.4,5.1,,kornelu01
329,Jonathan Mogbo,23,TOR,PF,36,6,16.4,1.9,4.2,.464,0.2,0.7,.320,1.7,3.5,.492,.490,1.0,1.3,.729,1.8,2.4,4.1,1.6,0.7,0.4,0.9,1.8,5.1,,mogbojo01
330,Gary Payton II,32,GSW,SG,34,8,13.4,2.2,3.9,.560,0.3,1.3,.233,1.9,2.7,.714,.597,0.4,0.6,.632,1.1,2.0,3.0,1.3,0.6,0.3,0.6,1.5,5.1,,paytoga02
331,Matas Buzelis,20,CHI,SF,45,0,12.9,1.8,4.6,.386,0.8,2.2,.340,1.0,2.4,.430,.469,0.7,0.8,.811,0.6,2.0,2.7,0.4,0.2,0.8,0.6,1.3,5.0,,buzelma01
332,Rob Dillingham,20,MIN,PG,21,0,10.2,2.1,4.4,.478,0.9,1.8,.486,1.2,2.6,.473,.576,0.0,0.1,.000,0.2,0.9,1.0,1.8,0.2,0.0,1.2,0.8,5.0,,dilliro01
333,Kevon Looney,28,GSW,C,39,6,15.8,2.2,4.2,.521,0.0,0.0,.000,2.2,4.2,.524,.521,0.6,1.3,.449,2.8,3.9,6.8,1.7,0.7,0.3,0.6,2.2,5.0,,looneke01
334,Alondes Williams,25,DET,SG,1,0,4.0,2.0,2.0,1.000,1.0,1.0,1.000,1.0,1.0,1.000,1.250,0.0,0.0,,0.0,0.0,0.0,1.0,0.0,0.0,0.0,0.0,5.0,,willial06
335,Marvin Bagley III,25,WAS,C,19,1,8.7,2.0,3.7,.535,0.1,0.5,.200,1.9,3.2,.590,.549,0.8,1.2,.652,1.4,1.5,2.9,0.4,0.4,0.3,0.6,0.6,4.9,,baglema01
336,Gabe Vincent,28,LAL,PG,39,5,20.0,1.9,4.7,.397,1.0,3.1,.320,0.9,1.6,.548,.503,0.1,0.3,.500,0.3,1.0,1.3,1.3,0.7,0.2,0.6,2.1,4.9,,vincega01
337,Malaki Branham,21,SAS,SG,28,0,10.0,1.7,4.0,.429,0.7,1.9,.385,1.0,2.1,.467,.518,0.6,0.7,.850,0.1,1.0,1.1,0.9,0.3,0.1,1.0,0.6,4.8,,branhma01
338,Zach Collins,27,SAS,C,34,4,12.1,1.7,3.8,.457,0.4,1.3,.289,1.4,2.5,.548,.508,0.9,1.0,.886,1.1,1.8,2.9,1.5,0.4,0.4,0.7,2.0,4.8,,colliza01
339,Taylor Hendricks,21,UTA,PF,3,3,25.0,1.3,6.0,.222,1.0,4.0,.250,0.3,2.0,.167,.306,1.0,1.3,.750,1.7,3.3,5.0,0.7,1.7,1.3,0.7,2.7,4.7,,hendrta01
340,David Roddy,23,ATL,PF,26,3,13.2,1.7,3.5,.478,0.6,1.7,.372,1.1,1.9,.571,.565,0.7,0.8,.818,0.4,2.3,2.7,1.2,0.5,0.3,0.8,0.7,4.7,,roddyda01
341,Ryan Rollins,22,MIL,PG,28,5,11.9,1.8,3.8,.481,0.6,1.6,.364,1.3,2.2,.565,.557,0.5,0.6,.813,0.3,1.3,1.6,1.1,0.8,0.4,0.9,1.4,4.7,,rolliry01
342,Tidjane Salaün,19,CHO,PF,34,8,18.4,1.6,5.0,.318,0.9,3.1,.280,0.7,1.9,.381,.406,0.6,0.9,.677,1.0,3.1,4.1,1.1,0.6,0.2,0.9,1.3,4.7,,salauti01
343,Oscar Tshiebwe,25,UTA,C,3,0,15.3,1.3,2.0,.667,0.0,0.0,,1.3,2.0,.667,.667,2.0,2.7,.750,1.7,5.0,6.7,0.0,1.3,0.0,0.3,3.3,4.7,,tshieos01
344,Mo Bamba,26,LAC,C,28,2,12.6,1.7,3.7,.466,0.5,1.8,.300,1.2,1.9,.623,.539,0.6,0.9,.680,0.9,3.4,4.3,0.6,0.3,1.0,0.7,1.8,4.6,,bambamo01
345,Jett Howard,21,ORL,SF,39,0,11.1,1.6,4.3,.386,1.0,3.0,.322,0.7,1.2,.542,.500,0.4,0.5,.833,0.4,0.8,1.3,0.6,0.1,0.2,0.5,1.0,4.6,,howarje01
346,Patty Mills,36,UTA,PG,16,0,15.4,1.6,4.6,.351,1.1,3.4,.309,0.6,1.2,.474,.466,0.3,0.3,1.000,0.2,1.0,1.2,1.3,0.8,0.2,1.0,0.8,4.6,,millspa02
347,Charles Bassey,24,SAS,C,30,0,10.4,1.9,3.3,.586,0.0,0.0,,1.9,3.3,.586,.586,0.6,1.0,.621,1.6,2.7,4.3,0.4,0.4,0.9,0.7,1.4,4.5,,bassech01
348,Trentyn Flowers,19,LAC,SF,2,0,8.0,2.0,4.5,.444,0.0,1.0,.000,2.0,3.5,.571,.444,0.5,0.5,1.000,0.5,1.5,2.0,0.0,0.0,0.0,0.5,1.5,4.5,,flowetr01
349,Dariq Whitehead,20,BRK,SF,8,0,7.0,1.5,3.1,.480,1.4,2.6,.524,0.1,0.5,.250,.700,0.1,0.4,.333,0.1,0.5,0.6,0.1,0.4,0.1,0.4,0.3,4.5,,whiteda01
350,KJ Simpson,22,CHO,PG,13,0,14.8,1.5,5.2,.294,0.5,2.5,.188,1.1,2.8,.389,.338,0.9,1.3,.706,1.1,0.9,2.0,1.6,0.8,0.2,1.0,1.4,4.5,,simpskj01
351,Sandro Mamukelashvili,25,SAS,PF,27,0,8.7,1.6,2.9,.538,0.7,1.7,.404,0.9,1.1,.742,.660,0.6,0.9,.708,0.7,1.9,2.6,0.6,0.3,0.3,0.4,0.7,4.4,,mamuksa01
352,Kris Murray,24,POR,SF,38,0,14.3,1.8,3.9,.463,0.4,1.6,.267,1.4,2.3,.596,.517,0.4,0.8,.467,1.1,1.2,2.3,0.9,0.4,0.2,0.6,0.9,4.4,,murrakr01
353,Julian Phillips,21,CHI,SF,46,3,13.2,1.6,3.6,.439,0.6,1.9,.322,1.0,1.7,.571,.524,0.6,0.9,.707,0.9,1.1,2.0,0.4,0.4,0.2,0.4,1.3,4.4,,phillju01
354,Antonio Reeves,24,NOP,SG,18,0,9.2,1.7,4.2,.408,0.6,2.1,.289,1.1,2.1,.526,.480,0.4,0.4,.875,0.3,0.7,1.0,0.6,0.3,0.0,0.3,0.4,4.4,,reevean01
355,Pat Connaughton,32,MIL,SG,24,0,15.1,1.5,3.8,.402,0.7,2.3,.296,0.9,1.6,.553,.489,0.5,0.7,.750,0.5,2.3,2.9,1.8,0.2,0.3,0.5,1.1,4.3,,connapa01
356,Reggie Jackson,34,PHI,PG,25,1,11.9,1.6,4.0,.396,0.8,2.4,.356,0.8,1.7,.452,.500,0.2,0.3,.857,0.2,1.0,1.2,1.5,0.5,0.1,0.7,1.1,4.3,,jacksre01
357,Paul Reed,25,DET,C,25,0,9.8,1.6,2.9,.569,0.2,0.6,.313,1.4,2.2,.643,.604,0.8,1.0,.840,0.6,1.4,2.1,1.0,1.1,0.6,0.5,1.5,4.3,,reedpa01
358,Daniel Theis,32,NOP,C,37,9,16.3,1.6,3.4,.484,0.2,1.0,.250,1.4,2.4,.578,.520,0.8,0.9,.829,1.2,3.1,4.3,1.6,0.5,0.5,0.7,1.8,4.3,,theisda01
359,Jeff Green,38,HOU,PF,13,2,10.5,1.5,2.8,.541,0.6,1.8,.348,0.9,1.1,.857,.649,0.5,0.7,.778,0.2,1.2,1.4,0.2,0.2,0.1,0.2,1.1,4.2,,greenje02
360,Pelle Larsson,23,MIA,SG,29,1,12.9,1.5,3.3,.463,0.5,1.6,.311,1.0,1.7,.600,.537,0.7,1.1,.645,0.4,1.0,1.5,0.9,0.4,0.1,0.4,1.8,4.2,,larsspe01
361,Gary Harris,30,ORL,SG,20,2,16.3,1.5,3.6,.403,1.0,2.7,.352,0.5,0.9,.556,.535,0.2,0.4,.500,0.5,0.8,1.3,0.5,0.7,0.3,0.5,0.7,4.1,,harriga01
362,Tre Jones,25,SAS,PG,25,0,16.3,1.5,3.3,.463,0.3,0.9,.304,1.2,2.4,.525,.506,0.8,1.0,.760,0.6,1.6,2.2,3.7,0.6,0.2,0.8,1.2,4.1,,jonestr01
363,Kyle Lowry,38,PHI,PG,26,12,19.7,1.2,3.5,.352,0.8,2.6,.324,0.4,0.9,.435,.473,0.8,1.0,.800,0.3,1.5,1.8,2.7,1.0,0.3,0.7,1.9,4.1,,lowryky01
364,Elijah Harkless,24,UTA,SG,8,0,16.1,1.4,4.1,.333,0.9,3.1,.280,0.5,1.0,.500,.439,0.4,0.8,.500,1.1,1.1,2.3,0.9,1.3,0.1,0.4,2.1,4.0,,harklej01
365,Mason Plumlee,34,PHO,C,44,18,17.5,1.5,2.6,.583,0.0,0.0,.000,1.5,2.6,.593,.583,0.9,1.5,.625,1.7,4.7,6.3,1.8,0.5,0.7,0.9,2.2,4.0,,plumlma01
366,Josh Richardson,31,MIA,SG,8,0,18.8,1.4,4.8,.289,0.8,2.8,.273,0.6,2.0,.313,.368,0.5,0.5,1.000,0.8,0.8,1.5,1.5,1.0,0.1,1.0,2.1,4.0,,richajo01
367,Gui Santos,22,GSW,PF,21,1,12.0,1.5,3.1,.477,0.9,2.0,.442,0.6,1.0,.545,.623,0.2,0.4,.500,1.0,1.4,2.4,1.1,0.4,0.1,0.5,1.3,4.0,,santogu01
368,Cam Spencer,24,MEM,SG,10,0,12.1,1.3,3.0,.433,0.5,1.6,.313,0.8,1.4,.571,.517,0.9,0.9,1.000,0.5,1.2,1.7,1.6,0.3,0.1,0.5,1.1,4.0,,spencca01
369,Devin Carter,22,SAC,PG,11,0,10.7,1.3,4.0,.318,0.5,2.0,.273,0.7,2.0,.364,.386,0.8,1.1,.750,0.5,2.2,2.6,1.3,0.1,0.3,0.5,1.2,3.9,,cartede02
370,Jeff Dowtin,27,PHI,PG,21,0,11.6,1.5,3.7,.416,0.3,1.0,.273,1.2,2.6,.473,.455,0.6,0.8,.706,0.1,1.1,1.3,1.6,0.4,0.2,0.1,0.6,3.9,,dowtije01
371,Aaron Holiday,28,HOU,PG,32,0,10.9,1.3,3.2,.417,0.8,2.1,.379,0.6,1.2,.486,.539,0.5,0.5,.882,0.2,0.8,1.0,1.1,0.4,0.1,0.5,0.9,3.9,,holidaa01
372,Cody Williams,20,UTA,SG,26,12,21.0,1.4,4.6,.300,0.6,2.4,.238,0.8,2.2,.368,.363,0.5,0.8,.636,0.5,1.7,2.2,1.3,0.5,0.4,0.8,1.9,3.9,,willico04
373,Jamal Cain,25,NOP,SF,18,0,12.8,1.4,3.2,.439,0.5,1.7,.300,0.9,1.5,.593,.518,0.6,0.9,.625,0.9,1.7,2.6,0.6,0.5,0.4,0.4,1.2,3.8,,cainja01
374,Moussa Diabaté,23,CHO,C,36,4,17.9,1.6,2.7,.602,0.0,0.0,,1.6,2.7,.602,.602,0.5,1.0,.543,2.9,3.6,6.5,0.7,0.7,0.8,0.9,1.6,3.8,,diabamo01
375,Oso Ighodaro,22,PHO,PF,36,2,16.1,1.6,2.9,.558,0.0,0.1,.000,1.6,2.8,.569,.558,0.5,1.0,.543,0.9,2.6,3.5,1.0,0.5,0.4,0.6,1.7,3.8,,ighodos01
376,Dario Šarić,30,DEN,C,13,4,14.8,1.4,4.2,.333,0.5,1.8,.250,0.9,2.3,.400,.389,0.5,0.8,.700,1.0,2.6,3.6,1.7,0.5,0.1,1.1,1.4,3.8,,saricda01
377,Andre Jackson Jr.,23,MIL,SG,42,34,17.3,1.5,3.3,.457,0.5,1.4,.367,1.0,1.9,.526,.536,0.2,0.3,.538,1.1,2.1,3.2,1.4,0.6,0.3,1.0,2.2,3.7,,jacksan01
378,Doug McDermott,33,SAC,SF,29,3,8.6,1.2,2.9,.429,1.1,2.4,.437,0.2,0.4,.385,.613,0.1,0.2,.600,0.1,0.5,0.6,0.1,0.1,0.0,0.2,0.9,3.7,,mcderdo01
379,Dalen Terry,22,CHI,SG,44,1,12.8,1.3,3.0,.450,0.4,1.1,.367,0.9,1.9,.500,.519,0.6,0.9,.700,0.6,1.0,1.5,1.1,0.5,0.2,0.8,1.5,3.7,,terryda01
380,Jae'Sean Tate,29,HOU,SF,26,1,10.5,1.3,2.9,.467,0.2,0.7,.316,1.1,2.2,.518,.507,0.7,1.0,.630,0.9,1.3,2.2,0.7,0.5,0.1,0.5,1.9,3.6,,tateja01
381,Jevon Carter,29,CHI,PG,20,0,6.4,1.2,2.8,.436,0.8,1.9,.421,0.4,0.9,.471,.582,0.3,0.4,.750,0.1,0.7,0.8,0.7,0.3,0.1,0.4,0.3,3.5,,carteje01
382,Isaac Jones,24,SAC,PF,22,0,8.0,1.5,2.2,.653,0.0,0.2,.250,1.4,2.0,.689,.663,0.5,0.9,.550,0.5,1.0,1.4,0.2,0.1,0.4,0.5,1.0,3.5,,jonesis01
383,DeAndre Jordan,36,DEN,C,33,2,11.8,1.6,2.4,.650,0.0,0.0,,1.6,2.4,.650,.650,0.4,0.9,.414,1.3,3.3,4.6,0.8,0.3,0.5,0.7,1.3,3.5,,jordade01
384,Wendell Moore Jr.,23,DET,SG,18,1,11.9,1.3,2.8,.460,0.2,0.8,.286,1.1,2.0,.528,.500,0.7,0.8,.929,0.6,1.8,2.4,1.2,0.6,0.2,0.5,0.8,3.5,,moorewe01
385,JT Thor,22,CLE,PF,8,0,4.9,1.1,1.8,.643,0.4,0.6,.600,0.8,1.1,.667,.750,0.9,1.0,.875,0.4,0.4,0.8,0.1,0.3,0.4,0.8,0.8,3.5,,thorjt01
386,Ousmane Dieng,21,OKC,C,25,0,10.4,1.2,3.3,.373,0.5,1.9,.271,0.7,1.4,.514,.452,0.4,0.6,.688,0.4,1.8,2.2,0.7,0.5,0.2,0.2,0.9,3.4,,diengou01
387,Bruno Fernando,26,TOR,C,17,2,8.6,1.5,2.9,.531,0.0,0.0,,1.5,2.9,.531,.531,0.4,0.5,.750,1.2,1.8,3.0,1.1,0.2,0.5,0.8,1.6,3.4,,fernabr01
388,Richaun Holmes,31,WAS,PF,8,0,8.8,1.4,2.8,.500,0.0,0.1,.000,1.4,2.6,.524,.500,0.6,0.9,.714,1.1,2.0,3.1,0.1,0.0,0.5,0.4,0.6,3.4,,holmeri01
389,Micah Potter,26,UTA,C,17,7,17.6,1.2,3.4,.351,0.8,2.6,.311,0.4,0.7,.500,.474,0.2,0.2,1.000,1.1,2.8,3.9,0.8,0.3,0.4,0.7,1.1,3.4,,pottemi01
390,Olivier-Maxence Prosper,22,DAL,PF,36,1,8.9,1.2,2.7,.429,0.3,0.9,.273,0.9,1.8,.508,.474,0.8,1.3,.604,0.9,1.4,2.2,0.6,0.3,0.1,0.3,0.4,3.4,,prospol01
391,Cam Reddish,25,LAL,SF,30,8,18.1,1.2,2.8,.424,0.4,1.5,.289,0.8,1.3,.575,.500,0.4,0.7,.619,0.5,1.5,2.0,0.7,1.0,0.3,0.4,1.4,3.3,,reddica01
392,Landry Shamet,27,NYK,SG,16,0,11.2,1.3,3.1,.429,0.6,1.8,.310,0.8,1.3,.600,.520,0.1,0.1,.500,0.2,0.6,0.8,0.4,0.4,0.1,0.4,0.7,3.3,,shamela01
393,Jabari Walker,22,POR,SF,33,1,10.6,1.4,3.0,.450,0.2,0.9,.161,1.2,2.1,.580,.475,0.4,0.7,.583,0.9,2.1,2.9,0.5,0.6,0.2,0.5,1.3,3.3,,walkeja01
394,Steven Adams,31,HOU,C,31,0,11.4,1.2,2.0,.603,0.0,0.0,,1.2,2.0,.603,.603,0.7,1.7,.415,2.4,2.4,4.8,1.1,0.3,0.4,1.0,1.0,3.2,,adamsst01
395,Bol Bol,25,PHO,PF,11,0,6.0,1.2,2.2,.542,0.3,1.0,.273,0.9,1.2,.769,.604,0.5,0.9,.600,0.5,1.2,1.6,0.1,0.0,0.2,0.5,0.2,3.2,,bolbo01
396,Moses Brown,25,IND,C,9,0,5.1,1.4,2.2,.650,0.0,0.0,,1.4,2.2,.650,.650,0.3,0.6,.600,0.4,1.0,1.4,0.0,0.2,0.1,0.7,0.7,3.2,,brownmo01
397,Reed Sheppard,20,HOU,PG,32,0,11.3,1.2,3.9,.315,0.6,2.3,.274,0.6,1.6,.373,.395,0.2,0.2,.833,0.3,0.9,1.3,1.2,0.5,0.3,0.6,0.9,3.2,,sheppre01
398,Nicolas Batum,36,LAC,PF,45,1,17.4,1.0,2.8,.368,0.8,2.3,.359,0.2,0.5,.409,.516,0.2,0.3,.769,0.6,2.2,2.8,1.4,0.6,0.4,0.4,1.6,3.1,,batumni01
399,Kobe Brown,25,LAC,PF,16,0,9.0,1.3,2.8,.477,0.3,0.9,.267,1.1,1.8,.586,.523,0.2,0.3,.750,0.8,1.9,2.7,0.8,0.2,0.1,0.3,0.9,3.1,,brownko01
400,Branden Carlson,25,OKC,C,15,0,6.3,1.1,2.3,.457,0.8,1.9,.429,0.3,0.5,.571,.629,0.1,0.1,1.000,0.3,1.3,1.7,0.4,0.1,0.4,0.1,0.7,3.1,,carlsbr01
401,Damion Lee,32,PHO,SG,10,0,6.0,0.9,2.9,.310,0.3,1.5,.200,0.6,1.4,.429,.362,1.0,1.0,1.000,0.1,0.8,0.9,0.7,0.2,0.0,0.5,0.2,3.1,,leeda03
402,Blake Wesley,21,SAS,SG,29,0,9.6,1.2,2.8,.450,0.1,0.7,.190,1.1,2.0,.542,.475,0.5,0.7,.714,0.2,0.6,0.8,1.9,0.3,0.1,0.9,0.5,3.1,,weslebl01
403,David Duke Jr.,25,SAS,SG,1,0,8.0,1.0,4.0,.250,0.0,1.0,.000,1.0,3.0,.333,.250,1.0,2.0,.500,0.0,0.0,0.0,2.0,0.0,0.0,0.0,1.0,3.0,,dukeda01
404,Maxi Kleber,33,DAL,PF,34,4,18.7,1.1,2.8,.385,0.4,1.4,.265,0.7,1.4,.511,.453,0.5,0.6,.762,0.7,2.1,2.8,1.3,0.3,0.5,0.7,1.9,3.0,,klebima01
405,Jock Landale,29,HOU,C,21,0,9.2,1.1,2.8,.414,0.1,0.3,.429,1.0,2.4,.412,.440,0.6,1.0,.591,1.2,1.5,2.7,0.7,0.2,0.3,0.5,0.7,3.0,,landajo01
406,Taze Moore,26,POR,SG,2,0,10.0,1.0,5.0,.200,0.5,2.0,.250,0.5,3.0,.167,.250,0.5,1.0,.500,2.0,2.0,4.0,0.5,1.0,0.0,1.0,0.0,3.0,,mooreta02
407,Pete Nance,24,PHI,C,5,0,12.0,1.0,3.0,.333,0.8,2.4,.333,0.2,0.6,.333,.467,0.2,0.4,.500,0.4,1.4,1.8,0.6,0.2,0.0,0.0,2.0,3.0,,nancepe01
408,Jarred Vanderbilt,25,LAL,PF,2,0,13.0,1.5,3.5,.429,0.0,1.0,.000,1.5,2.5,.600,.429,0.0,0.0,,1.5,1.5,3.0,1.5,2.5,0.0,0.5,2.0,3.0,,vandeja01
409,Jae Crowder,34,SAC,PF,7,2,13.1,0.9,2.4,.353,0.4,1.7,.250,0.4,0.7,.600,.441,0.7,0.9,.833,0.9,1.6,2.4,0.6,0.4,0.0,0.6,1.4,2.9,,crowdja01
410,Luka Garza,26,MIN,C,14,0,4.3,1.2,2.1,.567,0.1,0.6,.250,1.1,1.6,.682,.600,0.4,0.6,.625,0.4,0.7,1.1,0.1,0.1,0.0,0.4,0.6,2.9,,garzalu01
411,Caleb Houstan,22,ORL,SF,33,5,12.3,0.9,2.9,.313,0.8,2.5,.310,0.1,0.4,.333,.448,0.3,0.3,1.000,0.4,0.6,1.0,0.5,0.2,0.1,0.2,1.1,2.9,,houstca01
412,Drew Peterson,25,BOS,PF,12,0,9.3,0.9,1.9,.478,0.6,1.5,.389,0.3,0.4,.800,.630,0.5,0.6,.857,0.4,1.6,2.0,0.7,0.2,0.2,0.4,0.9,2.9,,peterdr01
413,Adem Bona,21,PHI,C,29,1,10.2,1.0,1.4,.725,0.0,0.0,,1.0,1.4,.725,.725,0.8,1.1,.667,0.9,1.8,2.6,0.3,0.2,0.7,0.6,1.8,2.8,,bonaad01
414,John Konchar,28,MEM,SG,25,3,14.2,1.0,2.6,.406,0.6,1.8,.311,0.5,0.8,.632,.516,0.2,0.2,.833,1.0,3.0,4.0,1.0,0.6,0.4,0.4,1.0,2.8,,konchjo01
415,A.J. Lawson,24,TOR,SG,4,0,3.8,1.0,2.0,.500,0.5,1.3,.400,0.5,0.8,.667,.625,0.3,0.8,.333,0.3,0.5,0.8,0.0,0.0,0.0,0.0,0.0,2.8,,lawsoaj01
416,Josh Minott,22,MIN,SF,28,0,7.4,1.1,2.3,.477,0.3,1.0,.250,0.9,1.3,.649,.531,0.3,0.4,.818,0.3,0.9,1.1,0.5,0.4,0.3,0.3,0.9,2.8,,minotjo01
417,Jalen Pickett,25,DEN,SG,18,0,7.6,1.1,2.1,.500,0.5,1.2,.429,0.6,0.9,.588,.618,0.1,0.1,1.000,0.2,0.7,0.8,1.6,0.1,0.1,0.4,0.6,2.7,,pickeja02
418,Rayan Rupert,20,POR,SG,31,0,8.5,1.0,2.4,.413,0.3,1.1,.294,0.7,1.3,.512,.480,0.4,0.5,.750,0.6,0.6,1.2,0.5,0.3,0.1,0.5,0.6,2.7,,ruperra01
419,Jeenathan Williams,25,HOU,SG,6,0,3.5,1.2,1.5,.778,0.3,0.7,.500,0.8,0.8,1.000,.889,0.0,0.0,,0.0,0.5,0.5,0.2,0.3,0.2,0.2,0.2,2.7,,willije02
420,Brandon Williams,25,DAL,PG,16,0,6.4,0.9,2.3,.389,0.2,0.8,.250,0.7,1.5,.458,.431,0.6,0.8,.769,0.1,0.6,0.8,1.1,0.1,0.0,0.6,0.4,2.6,,willibr03
421,Delon Wright,32,MIL,PG,25,2,15.3,0.9,3.1,.282,0.5,1.8,.261,0.4,1.3,.313,.359,0.3,0.6,.571,0.6,1.1,1.7,1.8,0.8,0.3,0.6,0.7,2.6,,wrighde01
422,Johnny Davis,22,WAS,SG,31,0,7.1,1.0,2.4,.432,0.2,0.9,.259,0.8,1.5,.532,.480,0.2,0.4,.636,0.3,0.8,1.1,0.3,0.5,0.2,0.2,0.6,2.5,,davisjo06
423,Collin Gillespie,25,PHO,PG,2,0,3.0,1.0,1.5,.667,0.5,0.5,1.000,0.5,1.0,.500,.833,0.0,0.0,,0.5,0.0,0.5,0.0,0.0,0.0,0.0,0.5,2.5,,gilleco01
424,E.J. Liddell,24,CHI,PF,6,0,5.2,0.8,1.3,.625,0.5,1.0,.500,0.3,0.3,1.000,.813,0.3,0.3,1.000,0.2,0.7,0.8,0.5,0.2,0.2,0.3,1.3,2.5,,liddeej01
425,Reece Beekman,23,2TM,PG,17,0,10.1,0.9,2.5,.381,0.2,0.9,.250,0.7,1.5,.462,.429,0.2,0.4,.571,0.3,0.5,0.8,1.4,0.5,0.1,0.5,0.4,2.4,,beekmre01
425,Reece Beekman,23,GSW,PG,2,0,2.0,0.5,0.5,1.000,0.0,0.0,,0.5,0.5,1.000,1.000,0.0,0.0,,0.5,0.0,0.5,0.5,0.5,0.0,0.0,0.5,1.0,,beekmre01
425,Reece Beekman,23,BRK,PG,15,0,11.1,1.0,2.7,.366,0.3,1.1,.250,0.7,1.7,.440,.415,0.3,0.5,.571,0.3,0.5,0.8,1.5,0.5,0.1,0.5,0.4,2.5,,beekmre01
426,Taj Gibson,39,CHO,C,18,9,10.2,1.0,2.1,.486,0.1,0.1,.500,0.9,1.9,.486,.500,0.4,0.6,.700,1.2,1.7,2.8,0.5,0.3,0.3,0.6,1.4,2.4,,gibsota01
427,Duop Reath,28,POR,C,21,0,5.9,0.8,2.1,.386,0.5,1.5,.313,0.3,0.6,.583,.500,0.3,0.4,.750,0.4,0.6,1.0,0.3,0.0,0.1,0.2,0.7,2.4,,reathdu01
428,Pat Spencer,28,GSW,PG,18,0,6.8,0.9,2.5,.378,0.1,0.6,.200,0.8,1.9,.429,.400,0.4,0.6,.700,0.5,0.8,1.3,1.5,0.4,0.1,0.6,0.4,2.4,,spencpa01
429,Orlando Robinson,24,2TM,C,12,0,7.5,0.8,2.2,.385,0.1,0.5,.167,0.8,1.7,.450,.404,0.5,0.8,.667,0.4,1.3,1.8,0.8,0.3,0.3,0.7,1.2,2.3,,robinor01
429,Orlando Robinson,24,SAC,C,9,0,6.3,0.8,1.9,.412,0.1,0.6,.200,0.7,1.3,.500,.441,0.4,0.8,.571,0.3,1.2,1.6,1.0,0.3,0.1,0.4,0.7,2.1,,robinor01
429,Orlando Robinson,24,TOR,C,3,0,11.0,1.0,3.0,.333,0.0,0.3,.000,1.0,2.7,.375,.333,0.7,0.7,1.000,0.7,1.7,2.3,0.3,0.3,0.7,1.3,2.7,2.7,,robinor01
430,Vlatko Čančar,27,DEN,PF,4,0,8.5,1.0,1.8,.571,0.3,0.5,.500,0.8,1.3,.600,.643,0.0,0.0,,0.8,1.3,2.0,0.0,0.0,0.3,0.5,1.0,2.3,,cancavl01
431,Chris Duarte,27,CHI,SG,16,0,4.6,0.8,1.6,.480,0.4,0.9,.429,0.4,0.7,.545,.600,0.4,0.5,.750,0.3,0.9,1.3,0.5,0.0,0.0,0.1,0.4,2.3,,duartch01
432,Craig Porter Jr.,24,CLE,PG,27,0,7.6,0.9,1.6,.581,0.3,0.5,.538,0.7,1.1,.600,.663,0.2,0.3,.750,0.1,0.7,0.8,1.0,0.2,0.3,0.5,0.4,2.3,,portecr01
433,Lester Quiñones,24,PHI,SG,4,0,4.3,1.0,2.0,.500,0.0,0.8,.000,1.0,1.3,.800,.500,0.3,0.3,1.000,0.8,0.3,1.0,0.3,0.0,0.0,1.0,0.0,2.3,,quinole01
434,Tyler Smith,20,MIL,PF,13,0,3.3,0.9,1.4,.667,0.4,0.8,.500,0.5,0.6,.875,.806,0.1,0.2,.500,0.2,0.8,0.9,0.1,0.0,0.2,0.2,0.4,2.3,,smithty02
435,Jaylon Tyson,22,CLE,SG,28,1,7.8,0.9,2.1,.414,0.3,0.9,.346,0.5,1.1,.469,.491,0.3,0.4,.667,0.6,1.3,1.8,0.7,0.3,0.0,0.4,0.9,2.3,,tysonja01
436,Trey Jemison,25,2TM,C,18,0,10.2,0.8,1.8,.469,0.0,0.0,,0.8,1.8,.469,.469,0.5,1.3,.391,1.3,1.5,2.8,0.6,0.4,0.4,0.6,1.7,2.2,,jemistr01
436,Trey Jemison,25,NOP,C,16,0,10.4,0.9,2.0,.469,0.0,0.0,,0.9,2.0,.469,.469,0.5,1.3,.381,1.4,1.4,2.8,0.6,0.4,0.4,0.6,1.7,2.4,,jemistr01
436,Trey Jemison,25,LAL,C,2,0,8.5,0.0,0.0,,0.0,0.0,,0.0,0.0,,,0.5,1.0,.500,0.5,2.5,3.0,0.0,0.0,1.0,0.5,2.0,0.5,,jemistr01
437,Patrick Baldwin Jr.,22,WAS,SF,20,0,4.4,0.8,1.5,.533,0.5,0.9,.556,0.3,0.6,.500,.700,0.1,0.2,.500,0.3,0.6,0.9,0.1,0.1,0.1,0.2,0.3,2.2,,baldwpa01
438,Kai Jones,24,LAC,C,27,0,7.6,0.9,1.3,.714,0.0,0.1,.000,0.9,1.2,.758,.714,0.3,0.4,.750,0.6,1.1,1.7,0.4,0.2,0.5,0.4,0.9,2.2,,joneska01
439,Johnny Furphy,20,IND,SG,30,0,7.5,0.7,1.8,.382,0.4,1.1,.344,0.3,0.8,.435,.482,0.3,0.3,1.000,0.4,0.7,1.1,0.3,0.3,0.2,0.3,0.7,2.1,,furphjo01
440,Dillon Jones,23,OKC,SF,28,0,8.6,0.8,2.3,.338,0.3,1.3,.189,0.5,1.0,.536,.392,0.3,0.5,.571,0.6,1.2,1.9,0.8,0.2,0.1,0.4,1.0,2.1,,jonesdi01
441,Hunter Tyson,24,DEN,PF,33,0,7.5,0.7,1.8,.373,0.3,1.1,.306,0.3,0.7,.478,.466,0.4,0.6,.737,0.3,1.2,1.5,0.4,0.2,0.1,0.3,0.9,2.1,,tysonhu01
442,MarJon Beauchamp,24,MIL,SF,22,0,4.2,0.7,1.7,.395,0.2,0.8,.278,0.5,0.9,.500,.461,0.4,0.5,.800,0.2,0.9,1.0,0.1,0.1,0.0,0.5,0.2,2.0,,beaucma01
443,Mouhamed Gueye,22,ATL,PF,3,0,10.0,1.0,4.3,.231,0.0,2.7,.000,1.0,1.7,.600,.231,0.0,0.0,,0.3,1.7,2.0,0.3,0.7,0.0,0.3,0.3,2.0,,gueyemo02
444,Jalen Hood-Schifino,21,LAL,SG,2,0,7.0,0.5,0.5,1.000,0.0,0.0,,0.5,0.5,1.000,1.000,1.0,1.0,1.000,0.5,0.0,0.5,0.5,0.0,0.5,0.5,1.5,2.0,,hoodsja01
445,Cory Joseph,33,ORL,PG,29,0,7.6,0.7,2.0,.356,0.5,1.4,.350,0.2,0.7,.368,.475,0.1,0.1,.500,0.2,0.6,0.8,0.8,0.4,0.1,0.4,0.6,2.0,,josepco01
446,Tyler Kolek,23,NYK,PG,27,0,5.3,0.7,1.7,.383,0.4,1.0,.393,0.3,0.7,.368,.500,0.2,0.2,1.000,0.1,0.5,0.6,0.8,0.3,0.0,0.3,0.4,2.0,,kolekty01
447,Christian Koloko,24,LAL,C,24,0,8.6,0.9,1.5,.595,0.0,0.1,.000,0.9,1.5,.629,.595,0.1,0.2,.750,1.0,1.2,2.3,0.3,0.3,0.3,0.3,1.1,2.0,,kolokch01
448,Alex Reese,25,OKC,PF,1,0,2.0,1.0,1.0,1.000,0.0,0.0,,1.0,1.0,1.000,1.000,0.0,0.0,,1.0,0.0,1.0,0.0,0.0,0.0,0.0,0.0,2.0,,reeseal01
449,Adama Sanogo,22,CHI,C,4,0,5.3,1.0,1.8,.571,0.0,0.0,,1.0,1.8,.571,.571,0.0,0.0,,1.3,0.3,1.5,0.3,0.0,0.0,0.3,0.3,2.0,,sanogad01
450,TyTy Washington Jr.,23,PHO,PG,4,0,7.0,0.8,1.5,.500,0.5,0.8,.667,0.3,0.8,.333,.667,0.0,0.0,,0.0,0.3,0.3,1.0,0.5,0.0,0.3,0.0,2.0,,washity02
451,Anthony Gill,32,WAS,PF,32,0,5.9,0.7,1.3,.500,0.2,0.4,.357,0.5,0.9,.571,.560,0.5,0.8,.577,0.2,0.7,0.9,0.2,0.2,0.0,0.2,0.5,1.9,,gillan01
452,Jordan McLaughlin,28,SAC,PG,27,0,6.8,0.6,1.6,.381,0.4,0.9,.400,0.2,0.6,.353,.500,0.4,0.5,.714,0.1,0.6,0.8,0.9,0.4,0.0,0.4,0.5,1.9,,mclaujo01
453,Tristan Thompson,33,CLE,C,22,0,7.9,0.8,1.8,.462,0.0,0.1,.000,0.8,1.7,.486,.462,0.2,0.9,.250,0.7,2.0,2.8,0.6,0.0,0.3,0.5,1.0,1.9,,thomptr01
454,Dominick Barlow,21,ATL,SF,10,0,5.9,0.6,1.6,.375,0.2,0.5,.400,0.4,1.1,.364,.438,0.4,0.6,.667,0.1,0.8,0.9,0.3,0.3,0.0,0.0,0.5,1.8,,barlodo01
455,Enrique Freeman,24,IND,PF,18,1,7.5,0.7,1.4,.480,0.1,0.3,.167,0.6,1.1,.579,.500,0.4,0.7,.538,0.3,0.7,1.0,0.4,0.1,0.1,0.3,0.9,1.8,,freemen01
456,Jericho Sims,26,NYK,C,36,5,11.6,0.8,1.3,.609,0.0,0.0,,0.8,1.3,.609,.609,0.2,0.4,.615,1.4,2.2,3.6,0.6,0.2,0.3,0.6,1.3,1.8,,simsje01
457,Jaden Springer,22,BOS,SG,23,0,5.0,0.5,1.3,.379,0.2,0.7,.333,0.3,0.6,.429,.466,0.6,0.8,.737,0.2,0.7,0.8,0.3,0.4,0.0,0.1,0.7,1.8,,sprinja01
458,Markieff Morris,35,DAL,PF,7,0,5.9,0.7,3.1,.227,0.3,1.9,.154,0.4,1.3,.333,.273,0.0,0.0,,0.0,1.1,1.1,0.6,0.1,0.1,0.3,0.3,1.7,,morrima02
459,Tristan Vukcevic,21,WAS,C,7,0,3.1,0.7,2.0,.357,0.1,1.1,.125,0.6,0.9,.667,.393,0.1,0.1,1.000,0.3,0.3,0.6,0.1,0.0,0.1,0.0,0.4,1.7,,vukcetr01
460,Ariel Hukporti,22,NYK,C,16,0,7.5,0.6,1.0,.625,0.0,0.0,,0.6,1.0,.625,.625,0.4,0.6,.600,0.3,1.4,1.8,0.4,0.0,0.7,0.7,0.9,1.6,,hukpoar01
461,Keshad Johnson,23,MIA,SF,10,0,5.7,0.7,1.2,.583,0.1,0.4,.250,0.6,0.8,.750,.625,0.1,0.6,.167,0.2,1.5,1.7,0.3,0.1,0.4,0.3,0.5,1.6,,johnske10
462,Matt Ryan,27,NYK,SF,16,0,3.8,0.6,1.6,.346,0.3,1.0,.313,0.3,0.6,.400,.442,0.1,0.1,1.000,0.0,0.4,0.4,0.1,0.1,0.0,0.2,0.1,1.6,,ryanma01
463,Jordan Walsh,20,BOS,PF,33,1,8.0,0.6,1.6,.352,0.3,1.2,.289,0.2,0.5,.500,.454,0.2,0.3,.500,0.4,0.7,1.1,0.3,0.2,0.2,0.2,0.5,1.6,,walshjo01
464,Pacome Dadiet,19,NYK,SG,13,0,6.4,0.5,1.5,.300,0.4,1.1,.357,0.1,0.5,.167,.425,0.2,0.2,1.000,0.0,1.0,1.0,0.4,0.1,0.2,0.1,0.4,1.5,,dadiepa01
465,Jazian Gortman,21,DAL,PG,16,0,3.6,0.6,1.4,.391,0.3,0.7,.364,0.3,0.8,.417,.478,0.1,0.3,.500,0.1,0.3,0.3,0.4,0.1,0.1,0.3,0.6,1.5,,gortmja01
466,Alex Len,31,SAC,C,34,3,7.4,0.6,1.2,.537,0.0,0.2,.167,0.6,1.0,.600,.549,0.2,0.4,.538,0.7,1.1,1.9,0.9,0.2,0.5,0.3,1.0,1.5,,lenal01
467,Quincy Olivari,23,LAL,PG,2,0,5.0,0.5,2.5,.200,0.5,2.5,.200,0.0,0.0,,.300,0.0,0.0,,0.0,0.0,0.0,0.5,0.0,0.0,0.5,0.0,1.5,,olivaqu01
468,Dwight Powell,33,DAL,C,33,0,7.6,0.4,0.5,.778,0.0,0.0,1.000,0.4,0.5,.765,.806,0.6,0.9,.667,0.7,1.1,1.8,0.7,0.4,0.5,0.2,1.2,1.5,,poweldw01
469,Terrence Shannon Jr.,24,MIN,SG,10,0,4.5,0.7,1.3,.538,0.1,0.3,.333,0.6,1.0,.600,.577,0.0,0.0,,0.0,0.2,0.2,0.5,0.2,0.1,0.3,0.1,1.5,,shannte01
470,Armel Traoré,22,LAL,SF,8,0,7.6,0.6,2.3,.278,0.0,0.9,.000,0.6,1.4,.455,.278,0.3,0.9,.286,0.1,1.6,1.8,0.1,0.5,0.3,0.3,0.8,1.5,,armeltr01
471,Colin Castleton,24,MEM,C,10,0,4.6,0.2,1.0,.200,0.0,0.4,.000,0.2,0.6,.333,.200,1.0,1.1,.909,0.3,0.6,0.9,0.0,0.1,0.1,0.1,0.6,1.4,,castlco01
472,Sidy Cissoko,20,SAS,SF,16,0,3.2,0.6,1.1,.500,0.2,0.4,.429,0.4,0.7,.545,.583,0.1,0.4,.167,0.2,0.4,0.6,0.4,0.1,0.0,0.1,0.4,1.4,,cissosi01
473,Yuki Kawamura,23,MEM,PG,17,0,3.3,0.5,1.2,.381,0.2,0.9,.267,0.2,0.4,.667,.476,0.2,0.4,.667,0.0,0.4,0.4,0.7,0.1,0.0,0.2,0.4,1.4,,kawamyu01
474,Alex Ducas,24,OKC,SG,9,0,3.4,0.4,1.0,.444,0.4,0.9,.500,0.0,0.1,.000,.667,0.0,0.0,,0.1,0.2,0.3,0.1,0.1,0.0,0.1,0.3,1.3,,ducasal01
475,Jack McVeigh,28,HOU,PF,6,0,3.5,0.5,1.8,.273,0.3,1.3,.250,0.2,0.5,.333,.364,0.0,0.0,,0.2,0.5,0.7,0.2,0.0,0.2,0.2,0.2,1.3,,mcveija01
476,Luke Travers,23,CLE,SG,6,0,7.0,0.5,1.2,.429,0.0,0.5,.000,0.5,0.7,.750,.429,0.3,0.3,1.000,0.2,0.8,1.0,0.8,0.2,0.2,0.3,0.5,1.3,,travelu01
477,Cam Christie,19,LAC,SG,5,0,5.8,0.4,1.8,.222,0.2,1.2,.167,0.2,0.6,.333,.278,0.2,0.4,.500,0.2,1.0,1.2,0.4,0.4,0.0,0.4,0.4,1.2,,chrisca02
478,JD Davison,22,BOS,PG,5,0,4.8,0.4,1.0,.400,0.2,0.6,.333,0.2,0.4,.500,.500,0.2,0.4,.500,0.0,0.4,0.4,0.2,0.2,0.0,1.2,0.2,1.2,,davisjd01
479,AJ Johnson,20,MIL,SG,6,0,2.5,0.5,1.2,.429,0.2,0.2,1.000,0.3,1.0,.333,.500,0.0,0.0,,0.0,0.5,0.5,0.5,0.0,0.0,0.3,0.0,1.2,,johnsaj01
480,Bryce McGowens,22,POR,SG,5,0,2.6,0.6,1.0,.600,0.0,0.4,.000,0.6,0.6,1.000,.600,0.0,0.2,.000,0.2,0.0,0.2,0.2,0.0,0.0,0.4,0.2,1.2,,mcgowbr01
481,Zeke Nnaji,24,DEN,PF,27,0,4.5,0.6,1.3,.441,0.0,0.4,.000,0.6,0.9,.625,.441,0.1,0.3,.429,0.1,0.4,0.5,0.1,0.0,0.1,0.1,0.3,1.2,,nnajize01
482,PJ Hall,22,DEN,C,10,0,2.8,0.4,0.8,.500,0.0,0.3,.000,0.4,0.5,.800,.500,0.3,0.4,.750,0.2,0.8,1.0,0.2,0.0,0.1,0.1,0.3,1.1,,hallpj01
483,Colby Jones,22,SAC,SG,23,0,5.3,0.5,1.1,.440,0.2,0.4,.444,0.3,0.7,.438,.520,0.0,0.0,,0.3,0.6,0.9,0.2,0.2,0.3,0.3,0.6,1.1,,jonesco02
484,Adam Flagler,25,OKC,SG,15,0,3.7,0.3,2.1,.161,0.3,1.9,.179,0.0,0.2,.000,.242,0.0,0.0,,0.2,0.3,0.5,0.0,0.1,0.1,0.1,0.4,1.0,,flaglad01
485,James Johnson,37,IND,PF,8,0,3.4,0.5,0.9,.571,0.0,0.1,.000,0.5,0.8,.667,.571,0.0,0.1,.000,0.0,0.5,0.5,0.4,0.0,0.3,0.5,0.5,1.0,,johnsja01
486,Kylor Kelley,27,DAL,,1,0,8.0,0.0,0.0,,0.0,0.0,,0.0,0.0,,,1.0,2.0,.500,1.0,3.0,4.0,0.0,0.0,0.0,0.0,2.0,1.0,,kelleky01
487,Jaylen Martin,21,BRK,SF,3,0,1.7,0.3,0.7,.500,0.3,0.3,1.000,0.0,0.3,.000,.750,0.0,0.0,,0.0,0.0,0.0,0.0,0.0,0.0,0.0,0.3,1.0,,martija02
488,Karlo Matković,23,NOP,PF,10,0,7.3,0.5,1.2,.417,0.0,0.2,.000,0.5,1.0,.500,.417,0.0,0.0,,0.8,1.2,2.0,0.3,0.5,0.7,0.7,1.2,1.0,,matkoka01
489,Jared Rhoden,25,CHO,SG,4,0,3.0,0.5,2.0,.250,0.0,0.5,.000,0.5,1.5,.333,.250,0.0,0.0,,0.5,0.5,1.0,0.5,0.3,0.0,0.3,0.3,1.0,,rhodeja01
490,Baylor Scheierman,24,BOS,SG,9,0,6.0,0.3,1.9,.176,0.1,1.3,.083,0.2,0.6,.400,.206,0.2,0.2,1.000,0.2,1.2,1.4,0.4,0.2,0.0,0.0,0.7,1.0,,scheiba01
491,Xavier Tillman Sr.,26,BOS,C,26,1,7.3,0.4,1.5,.250,0.2,0.8,.182,0.2,0.7,.333,.300,0.0,0.1,.500,0.3,1.1,1.4,0.3,0.3,0.2,0.3,0.5,1.0,,tillmxa01
492,Maxwell Lewis,22,2TM,SF,8,0,3.8,0.4,0.9,.429,0.1,0.1,1.000,0.3,0.8,.333,.500,0.0,0.0,,0.3,0.0,0.3,0.3,0.1,0.0,0.3,0.1,0.9,,lewisma05
492,Maxwell Lewis,22,LAL,SF,7,0,4.1,0.3,0.9,.333,0.0,0.0,,0.3,0.9,.333,.333,0.0,0.0,,0.3,0.0,0.3,0.3,0.1,0.0,0.3,0.1,0.6,,lewisma05
492,Maxwell Lewis,22,BRK,SF,1,0,1.0,1.0,1.0,1.000,1.0,1.0,1.000,0.0,0.0,,1.500,0.0,0.0,,0.0,0.0,0.0,0.0,0.0,0.0,0.0,0.0,3.0,,lewisma05
493,Trey Alexander,21,DEN,SG,14,0,4.4,0.3,1.3,.222,0.1,0.6,.222,0.1,0.6,.222,.278,0.1,0.1,1.000,0.0,0.3,0.3,0.4,0.1,0.1,0.1,0.4,0.9,,alexatr01
494,Josh Christopher,23,MIA,SG,7,0,3.7,0.3,0.9,.333,0.0,0.1,.000,0.3,0.7,.400,.333,0.3,0.6,.500,0.0,0.4,0.4,0.6,0.0,0.1,0.6,0.1,0.9,,chrisjo01
495,Kessler Edwards,24,DAL,SF,17,1,6.4,0.4,1.1,.333,0.1,0.6,.200,0.2,0.5,.500,.389,0.1,0.1,1.000,0.1,1.1,1.2,0.4,0.2,0.1,0.1,0.6,0.9,,edwarke02
496,D.J. Carton,24,TOR,SG,4,0,8.3,0.3,1.8,.143,0.0,0.8,.000,0.3,1.0,.250,.143,0.3,0.3,1.000,0.0,1.0,1.0,0.8,0.5,0.0,1.0,0.3,0.8,,cartodj01
497,Ulrich Chomche,19,TOR,PF,6,0,3.3,0.3,0.5,.667,0.0,0.0,,0.3,0.5,.667,.667,0.2,0.3,.500,0.5,0.5,1.0,0.3,0.0,0.0,0.3,0.7,0.8,,chomcul01
498,PJ Dozier,28,MIN,SG,9,0,3.9,0.2,0.3,.667,0.2,0.3,.667,0.0,0.0,,1.000,0.1,0.7,.167,0.1,0.4,0.6,0.6,0.1,0.0,0.1,0.3,0.8,,doziepj01
499,Isaiah Crawford,23,SAC,SF,3,0,3.0,0.3,0.7,.500,0.0,0.0,,0.3,0.7,.500,.500,0.0,0.0,,0.0,1.0,1.0,0.0,0.0,0.0,0.0,0.3,0.7,,crawfis01
500,Liam Robbins,25,MIL,C,13,0,4.4,0.2,0.6,.250,0.0,0.2,.000,0.2,0.5,.333,.250,0.4,0.8,.500,0.5,0.4,0.9,0.2,0.2,0.2,0.5,0.7,0.7,,robbili01
501,Cui Yongxi,21,BRK,SG,5,0,2.0,0.2,1.4,.143,0.0,0.6,.000,0.2,0.8,.250,.143,0.2,0.4,.500,0.0,0.4,0.4,0.0,0.0,0.0,0.0,0.0,0.6,,cuiyo01
502,Garrett Temple,38,TOR,SG,15,0,3.9,0.1,0.7,.182,0.1,0.3,.200,0.1,0.4,.167,.227,0.3,0.3,1.000,0.1,0.5,0.7,0.6,0.3,0.1,0.3,0.5,0.6,,templga01
503,Tristen Newton,23,2TM,SG,6,0,1.5,0.2,1.0,.167,0.0,0.5,.000,0.2,0.5,.333,.167,0.2,0.2,1.000,0.0,0.2,0.2,0.2,0.0,0.0,0.2,0.5,0.5,,newtotr01
503,Tristen Newton,23,IND,SG,5,0,1.6,0.2,1.2,.167,0.0,0.6,.000,0.2,0.6,.333,.167,0.2,0.2,1.000,0.0,0.0,0.0,0.2,0.0,0.0,0.2,0.4,0.6,,newtotr01
503,Tristen Newton,23,MIN,SG,1,0,1.0,0.0,0.0,,0.0,0.0,,0.0,0.0,,,0.0,0.0,,0.0,1.0,1.0,0.0,0.0,0.0,0.0,1.0,0.0,,newtotr01
504,Jaylen Clark,23,MIN,SG,4,0,2.5,0.0,0.8,.000,0.0,0.3,.000,0.0,0.5,.000,.000,0.5,0.5,1.000,0.3,0.0,0.3,0.0,0.0,0.0,0.0,0.3,0.5,,clarkja02
505,Leonard Miller,21,MIN,SF,4,0,2.5,0.0,1.0,.000,0.0,0.8,.000,0.0,0.3,.000,.000,0.5,0.5,1.000,0.3,1.0,1.3,0.0,0.3,0.0,0.3,0.3,0.5,,millele01
506,Stanley Umude,25,MIL,SG,17,0,3.1,0.2,0.9,.188,0.1,0.5,.250,0.1,0.5,.125,.250,0.0,0.1,.000,0.2,0.6,0.8,0.1,0.1,0.1,0.1,0.4,0.5,,umudest01
507,RayJ Dennis,23,IND,PG,5,0,2.0,0.0,0.4,.000,0.0,0.4,.000,0.0,0.0,,.000,0.4,0.4,1.000,0.2,0.4,0.6,0.2,0.4,0.0,0.4,0.2,0.4,,dennira01
508,Spencer Jones,23,DEN,SF,5,0,2.6,0.2,0.8,.250,0.0,0.6,.000,0.2,0.2,1.000,.250,0.0,0.0,,0.0,0.6,0.6,0.0,0.4,0.0,0.2,0.2,0.4,,jonessp01
509,Jacob Toppin,24,NYK,SF,15,0,3.1,0.2,0.6,.333,0.0,0.1,.000,0.2,0.5,.429,.333,0.0,0.0,,0.1,0.5,0.7,0.3,0.1,0.0,0.1,0.2,0.4,,toppija01
510,Jalen Bridges,23,PHO,SF,4,0,4.3,0.0,0.8,.000,0.0,0.8,.000,0.0,0.0,,.000,0.3,0.5,.500,0.0,0.8,0.8,0.0,0.0,0.0,0.5,0.0,0.3,,bridgja01
511,Bronny James,20,LAL,SG,12,0,2.4,0.1,0.9,.091,0.0,0.3,.000,0.1,0.6,.143,.091,0.2,0.2,1.000,0.1,0.1,0.2,0.3,0.2,0.1,0.0,0.2,0.3,,jamesbr02
512,Malevy Leons,25,OKC,SF,6,0,3.5,0.0,0.3,.000,0.0,0.2,.000,0.0,0.2,.000,.000,0.3,0.7,.500,0.2,0.3,0.5,0.2,0.0,0.0,0.2,0.7,0.3,,leonsma01
513,Chris Livingston,21,MIL,SF,8,0,2.6,0.1,0.3,.500,0.0,0.0,,0.1,0.3,.500,.500,0.0,0.0,,0.3,1.0,1.3,0.1,0.1,0.0,0.4,0.3,0.3,,livinch01
514,Daishen Nix,22,MIN,PG,3,0,4.3,0.0,0.3,.000,0.0,0.3,.000,0.0,0.0,,.000,0.3,0.7,.500,0.0,1.3,1.3,1.0,0.0,0.0,1.3,0.3,0.3,,nixda01
515,Emoni Bates,21,CLE,SF,2,0,4.5,0.0,1.5,.000,0.0,1.0,.000,0.0,0.5,.000,.000,0.0,0.0,,0.0,0.0,0.0,0.5,0.0,0.0,0.0,0.0,0.0,,batesem01
516,Joe Ingles,37,MIN,SF,9,0,3.9,0.0,0.3,.000,0.0,0.2,.000,0.0,0.1,.000,.000,0.0,0.0,,0.2,0.0,0.2,1.0,0.0,0.0,0.1,0.7,0.0,,inglejo01
517,Harrison Ingram,22,SAS,SF,1,0,7.0,0.0,1.0,.000,0.0,0.0,,0.0,1.0,.000,.000,0.0,0.0,,0.0,1.0,1.0,0.0,0.0,0.0,0.0,1.0,0.0,,ingraha01
518,Daniss Jenkins,23,DET,PG,3,0,2.7,0.0,1.3,.000,0.0,1.3,.000,0.0,0.0,,.000,0.0,0.0,,0.0,0.0,0.0,0.0,0.0,0.0,0.3,0.3,0.0,,jenkida01
519,Mason Jones,26,SAC,SG,3,0,4.3,0.0,0.7,.000,0.0,0.7,.000,0.0,0.0,,.000,0.0,0.0,,0.3,1.0,1.3,2.3,0.0,0.0,0.0,0.3,0.0,,jonesma05
520,Bobi Klintman,21,DET,SF,1,0,4.0,0.0,0.0,,0.0,0.0,,0.0,0.0,,,0.0,0.0,,0.0,2.0,2.0,0.0,0.0,0.0,0.0,2.0,0.0,,klintbo01
521,Mac McClung,26,ORL,SG,1,0,5.0,0.0,0.0,,0.0,0.0,,0.0,0.0,,,0.0,0.0,,0.0,1.0,1.0,2.0,0.0,0.0,0.0,0.0,0.0,,mccluma01
522,Justin Minaya,25,POR,SF,6,0,3.0,0.0,0.2,.000,0.0,0.0,,0.0,0.2,.000,.000,0.0,0.0,,0.3,0.2,0.5,0.3,0.2,0.0,0.0,0.5,0.0,,minayju01
523,Riley Minix,24,SAS,SF,1,0,7.0,0.0,1.0,.000,0.0,1.0,.000,0.0,0.0,,.000,0.0,0.0,,0.0,2.0,2.0,0.0,0.0,0.0,0.0,0.0,0.0,,minixri01
524,Cole Swider,25,DET,SF,2,0,6.5,0.0,2.5,.000,0.0,2.5,.000,0.0,0.0,,.000,0.0,0.0,,0.0,1.0,1.0,0.5,0.0,0.0,0.0,0.5,0.0,,swideco01